galaxy_id,field_id,release_phase,distance_mpc,logMstar,logMHI,ell_maj_beams,R_HI90,R_dstar,R_HI90_arcsec,R50_r_arcsec,R_dstar_arcsec,kappa_HI,crossfit_phase_bit,crossfit_dropped_source_index,crossfit_n_source_used,crossfit_n_paired_bins,hi_mass_renorm_scale
WALLABY J124747+042017,NGC4808,2,14.0960337741,9.14072358426,9.14274653455,4.99031270675,151.205188792,30.475089287,151.205188792,51.1477743753,30.475089287,4.96159953356,1,,36,18,0.0876542205375
WALLABY J124911+032310,NGC4808,2,10.3780780851,9.00232374363,9.07078050242,6.55117370238,214.192515049,11.2053579985,214.192515049,18.8064788688,11.2053579985,19.1151871344,1,,52,26,0.0880245084915
WALLABY J124935+033620,NGC4808,2,101.364507455,9.86818661713,9.45685716255,1.19124738468,39.1281626595,3.41332355127,39.1281626595,5.72874130822,3.41332355127,11.4633617563,0,0,10,5,0.111482479869
WALLABY J124937+074725,NGC4808,2,234.969158246,9.82977057113,10.0059963002,1.3268911092,41.1282119918,3.43561363282,41.1282119918,5.7661517995,3.43561363282,11.9711400604,1,0,10,5,0.119576403741
WALLABY J124947+035042,NGC4808,2,9.93475282534,7.34640102787,8.11700097737,2.821439538,92.1684514099,8.95164301224,92.1684514099,15.0239631053,8.95164301224,10.296260841,0,,30,15,0.0953454767287
WALLABY J124957+040438,NGC4808,2,145.416774641,8.99590194559,9.66791675241,1.08438498273,29.5242587134,4.99150106378,29.5242587134,8.37747078605,4.99150106378,5.91490582416,1,0,10,5,0.114263976367
WALLABY J125012+073442,NGC4808,2,163.529566945,10.809439391,10.2406289468,2.71957128164,93.9918396572,3.32281340163,93.9918396572,5.57683387102,3.32281340163,28.2868245358,1,0,30,15,0.105437260168
WALLABY J125112+045132,NGC4808,2,107.623850916,10.861891625,9.9700329587,1.79411140746,54.74429284,5.77071851058,54.74429284,9.68526804247,5.77071851058,9.48656440955,0,,24,12,0.094676803645
WALLABY J125114+052031,NGC4808,2,107.360599577,9.43390581505,9.58670125565,1.49992575181,46.6061567477,3.65381750745,46.6061567477,6.13237361571,3.65381750745,12.7554692189,1,,12,6,0.101284236726
WALLABY J125121+063829,NGC4808,2,214.233982976,9.70697767066,9.85746839887,0.946875318858,28.4034749311,2.32612045364,28.4034749311,3.90403726178,2.32612045364,12.2106638488,1,0,8,4,0.1080260099
WALLABY J125133+080241,NGC4808,2,51.3775869661,8.77402873603,9.08130385677,2.02790876281,65.8568378484,2.61838976884,65.8568378484,4.39456658722,2.61838976884,25.1516556596,1,0,22,11,0.0988904553821
WALLABY J125134+055147,NGC4808,2,208.611369723,10.7466207422,9.92575690599,1.18073983892,41.2493335822,3.35265856129,41.2493335822,5.62692440489,3.35265856129,12.3034698667,1,,12,6,0.0965105685475
WALLABY J125156+035954,NGC4808,2,109.837681943,8.76018568946,9.53001706552,1.50317024943,46.3770911892,2.86791761937,46.3770911892,4.81336090408,2.86791761937,16.1709983843,1,,18,9,0.0948043038363
WALLABY J125243+075643,NGC4808,2,165.426794278,9.91870307891,9.85922134414,1.74878737283,54.3809232006,3.33570167101,54.3809232006,5.59846485913,3.33570167101,16.302693875,1,,16,8,0.10844109259
WALLABY J125339+040434,NGC4808,2,12.6698392496,7.39095199628,7.13005553455,0.798391737365,27.7678308094,4.43964317865,27.7678308094,7.45126176564,4.43964317865,6.2545185935,0,,8,4,0.103878516545
WALLABY J125413+052149,NGC4808,2,206.737809986,10.5356225366,10.2089024335,1.4348180196,45.3424309261,3.820356066,45.3424309261,6.41188310415,3.820356066,11.868640028,0,,16,8,0.0931464742585
WALLABY J125441+050734,NGC4808,2,179.820865248,9.20576171506,9.47398718467,0.812425027773,28.4456784814,2.30730820049,28.4456784814,3.87246377333,2.30730820049,12.3285127125,1,0,8,4,0.118107473542
WALLABY J125451+023900,NGC4808,2,13.3014761394,8.27971746805,8.83550545761,2.68683579706,87.0798733038,15.9576258251,87.0798733038,26.7824332714,15.9576258251,5.45694417567,1,,24,12,0.0916132842485
WALLABY J125500+051140,NGC4808,2,282.0004808,9.45187864142,10.0549210433,1.04993511265,29.7832031732,3.06492432378,29.7832031732,5.14400651345,3.06492432378,9.71743509036,1,0,10,5,0.116493886805
WALLABY J125507+040229,NGC4808,2,206.74757469,10.9064920352,9.8493628352,1.35370020277,45.0806207193,5.42939763527,45.0806207193,9.11241317876,5.42939763527,8.30306117688,1,0,12,6,0.109317870734
WALLABY J125515+081543,NGC4808,2,305.51508194,11.0863425009,10.4490389998,2.56964515755,81.5243997349,4.53977997189,81.5243997349,7.61932605115,4.53977997189,17.9577865535,0,0,24,12,0.108836806955
WALLABY J125523+075436,NGC4808,2,40.0873664451,9.59889252877,8.77692895778,1.44746497064,48.0551636802,9.31225593398,48.0551636802,15.6291967171,9.31225593398,5.16042127932,0,0,12,6,0.107637447773
WALLABY J125604+034843,NGC4808,2,8.84551742775,7.20589360027,8.33399122773,3.21058254573,99.9342189603,17.0827723731,99.9342189603,28.6708195936,17.0827723731,5.85000003381,0,0,26,13,0.0922316719691
WALLABY J125604+064914,NGC4808,2,51.6066443346,7.80118911235,8.94921400972,1.30785478368,41.1699402477,3.38729209284,41.1699402477,5.68505148833,3.38729209284,12.1542338597,1,0,12,6,0.111804474054
WALLABY J125605+053051,NGC4808,2,101.860714618,8.98202849771,9.34366801346,1.39221366376,49.8995089741,6.21214465578,49.8995089741,10.4261342846,6.21214465578,8.03257356984,1,0,14,7,0.115098196185
WALLABY J125627+060352,NGC4808,2,164.387307568,10.7171578607,10.1789469521,2.05533356961,69.779982182,4.03825677203,69.779982182,6.77759609826,4.03825677203,17.2797288833,1,0,18,9,0.0996446771705
WALLABY J125636+030211,NGC4808,2,269.170863634,9.8287760834,10.0057804559,1.0540474526,33.052765676,1.57228409811,33.052765676,2.63883828352,1.57228409811,21.0221331601,0,,10,5,0.102693468533
WALLABY J125646+034002,NGC4808,2,39.9231202126,7.6501323785,8.30914717723,2.06044851292,61.855434992,3.56431404974,61.855434992,5.98215575686,3.56431404974,17.3540922962,0,0,24,12,0.115127504148
WALLABY J125647+055350,NGC4808,2,203.720649477,9.63750456393,9.8155034045,1.06022496304,39.5269274892,2.899547586,39.5269274892,4.86644696337,2.899547586,13.6321016699,1,,8,4,0.115425878364
WALLABY J125647+055512,NGC4808,2,135.781596254,10.2967562119,9.68314576794,1.83653255301,53.2334564874,1.68769779761,53.2334564874,2.83254251868,1.68769779761,31.542054841,1,,20,10,0.107604126701
WALLABY J125652+045727,NGC4808,2,104.941846363,8.89347521981,9.43290889819,1.10549715204,38.6562059628,3.29134814296,38.6562059628,5.52402424884,3.29134814296,11.7447940126,1,,10,5,0.100556346504
WALLABY J125700-171910,NGC5044,2,56.8316080436,9.49989334127,9.8170266954,2.08182523771,66.6475003929,8.77175681109,66.6475003929,14.722051641,8.77175681109,7.59796490352,0,,16,8,0.095872443904
WALLABY J125716+060334,NGC4808,2,205.284312928,10.4014600298,9.85750320437,1.06111574556,34.3183835356,3.78118214727,34.3183835356,6.34613567558,3.78118214727,9.07609900792,0,,12,6,0.110569714323
WALLABY J125718+045929,NGC4808,2,12.628493244,5.98342858397,7.51049845748,1.36772417461,44.3573344112,1.8932573588,44.3573344112,3.17754278946,1.8932573588,23.4291097325,1,,12,6,0.106949634696
WALLABY J125757-130339,NGC5044,2,71.7414541984,10.8812962706,10.0491198196,3.78941302735,108.449811745,13.086471016,108.449811745,21.9636392397,13.086471016,8.28717013258,1,0,24,12,0.0951576052849
WALLABY J125814+033205,NGC4808,2,262.257855532,10.8316193862,10.2622932254,1.54883359013,50.5441423186,4.30097138952,50.5441423186,7.21852238576,4.30097138952,11.7517969177,0,,14,7,0.10485470164
WALLABY J125814+061724,NGC4808,2,50.7209085025,7.47895896109,8.40369058023,1.15024029522,38.8171339611,0.807117804003,38.8171339611,1.35462373694,0.807117804003,48.0935171651,0,0,8,4,0.117533929536
WALLABY J125832-161038,NGC5044,2,76.1592771698,8.90967303825,9.24820192319,1.20490790254,34.7756535991,5.95487753304,34.7756535991,9.9943507835,5.95487753304,5.83986041798,0,,8,4,0.102699817163
WALLABY J125834+054735,NGC4808,2,165.649475001,9.2285761535,9.57895078975,1.67375567183,54.249265776,1.94928838321,54.249265776,3.27158229064,1.94928838321,27.8302924509,0,0,14,7,0.108135108697
WALLABY J125836-161333,NGC5044,2,75.1400037545,9.64070656919,9.17121531121,1.19551517563,41.3146422158,5.79954542232,41.3146422158,9.73364960301,5.79954542232,7.12377250411,1,0,10,5,0.105089582273
WALLABY J125848-114647,NGC5044,2,68.8150642178,9.26843481232,9.0376620058,1.78141739228,58.6444452169,4.71001926667,58.6444452169,7.90504665913,4.71001926667,12.450999008,0,0,16,8,0.116638484314
WALLABY J125851+052229,NGC4808,2,181.475066948,9.9527281253,10.0964752006,2.05778472871,62.0565179531,3.326233606,62.0565179531,5.58257416072,3.326233606,18.6566926151,0,0,20,10,0.10134775499
WALLABY J125855-142319,NGC5044,2,276.726902163,9.41499539574,10.1179216771,1.35264030951,42.5771367966,0.33829756076,42.5771367966,0.567780692831,0.33829756076,125.857061165,0,,10,5,0.111594112318
WALLABY J125910-161749,NGC5044,2,184.628827106,10.0087819559,10.0204389396,1.15787008459,40.0001895602,4.06414217797,40.0001895602,6.82104079139,4.06414217797,9.84222200124,1,,14,7,0.105013366213
WALLABY J125912-124101,NGC5044,2,55.3396911998,8.53505970302,8.99095837616,1.26872306286,44.3898561636,5.30243833585,44.3898561636,8.89933142073,5.30243833585,8.37159309584,0,,16,8,0.0965961245139
WALLABY J125912-182326,NGC5044,2,218.602208787,9.75381691922,9.88998056507,0.98567677498,33.1250013079,2.34030849048,33.1250013079,3.92784971071,2.34030849048,14.1541174775,0,,8,4,0.111412326216
WALLABY J125930-135159,NGC5044,2,199.997005532,9.90174912388,9.8280429395,1.1421690211,33.7894507549,2.32675419888,33.7894507549,3.9051009062,2.32675419888,14.5221402291,1,,14,7,0.108894581071
WALLABY J125931-140755,NGC5044,2,92.1960480962,10.1855148751,9.85790615175,1.82144805665,58.9354722349,8.76704621776,58.9354722349,14.7141456309,8.76704621776,6.72238639685,1,,14,7,0.100222604127
WALLABY J125932-151419,NGC5044,2,20.2834785163,8.23647942162,8.14162273952,1.43221021768,43.2443402063,4.16853353046,43.2443402063,6.99624570362,4.16853353046,10.3739936096,1,,14,7,0.107485728787
WALLABY J125937+070246,NGC4808,2,260.446747821,10.8369403698,9.79652725285,1.15136876023,34.9701508226,8.88343226729,34.9701508226,14.9094818068,8.88343226729,3.93655850244,1,0,12,6,0.144184456406
WALLABY J125939+045140,NGC4808,2,191.388880544,9.45750348429,9.66754856779,1.04993549893,37.4348382602,2.99323240992,37.4348382602,5.02368260562,2.99323240992,12.5064923579,0,0,8,4,0.111205091798
WALLABY J125942-164952,NGC5044,2,19.4993659169,7.39740312706,7.61102942572,1.02862349263,29.639047922,9.74134288365,29.639047922,16.3493535075,9.74134288365,3.04260390749,1,0,8,4,0.121199586153
WALLABY J125943-150804,NGC5044,2,191.620280337,9.28120332061,9.7931700048,1.28013889609,39.851321541,3.03632865323,39.851321541,5.09601305585,3.03632865323,13.1248379514,1,,16,8,0.115543520668
WALLABY J130003-183028,NGC5044,2,196.64193922,9.31682827215,9.94212162359,2.11315038164,68.8937354298,3.46709861073,68.8937354298,5.81899451741,3.46709861073,19.870717036,1,0,16,8,0.114247538232
WALLABY J130004-152151,NGC5044,2,22.6406082377,9.38544349927,8.50020998584,1.6166414542,47.2211899365,15.676364755,47.2211899365,26.3103796009,15.676364755,3.01225384039,1,,16,8,0.106931598181
WALLABY J130010-130042,NGC5044,2,67.7785625222,10.0197773131,8.75885049555,1.10614897757,40.1164487527,6.09546913572,40.1164487527,10.2303122767,6.09546913572,6.58135540669,1,,8,4,0.122166481006
WALLABY J130012+054417,NGC4808,2,207.629197247,10.2712331428,9.70960652138,1.18686968327,41.1021991197,0.940173561622,41.1021991197,1.57793746724,0.940173561622,43.7176717124,1,,10,5,0.119614006752
WALLABY J130016-170140,NGC5044,2,70.1764425333,9.88787982072,9.54946239583,1.2477654337,41.5781196669,5.80786502024,41.5781196669,9.74761277515,5.80786502024,7.15893353616,0,,12,6,0.0944683882373
WALLABY J130018-115758,NGC5044,2,218.263303112,11.0645863502,10.1609765633,1.69910588639,48.5645747448,5.25492096232,48.5645747448,8.81958077988,5.25492096232,9.24173267174,1,,16,8,0.105909960654
WALLABY J130026-151708,NGC5044,2,70.2342066416,11.1908669367,10.2408041236,5.04264635312,159.269348107,12.7899960169,159.269348107,21.4660513174,12.7899960169,12.4526503289,1,0,44,22,0.0949318275952
WALLABY J130029-133942,NGC5044,2,91.4932562464,8.1447383716,9.01908227133,1.04901857325,35.1096823341,2.81510260791,35.1096823341,4.72471898857,2.81510260791,12.471901463,1,,10,5,0.115634843512
WALLABY J130031+083118,NGC4808,2,222.856606286,8.90405827179,10.1926533339,1.38516686261,41.9447610368,2.67155164366,41.9447610368,4.48379065982,2.67155164366,15.7005241266,0,0,12,6,0.105808388439
WALLABY J130034+052831,NGC4808,2,230.69577652,9.37425332922,9.84363558208,1.51153330089,50.1630268532,1.58148487025,50.1630268532,2.65428037174,1.58148487025,31.7189419873,1,0,12,6,0.119036627939
WALLABY J130043+071159,NGC4808,2,239.792558821,9.7547602124,9.76838620184,0.933208634538,35.9193468675,3.00068980276,35.9193468675,5.03619869844,3.00068980276,11.970363226,0,0,8,4,0.116005517977
WALLABY J130043-154253,NGC5044,2,19.7640447906,8.85090445345,8.57822518899,2.69598521029,83.2327958727,22.5569861037,83.2327958727,37.858449731,22.5569861037,3.68988992989,0,0,20,10,0.0992070869367
WALLABY J130043-185429,NGC5044,2,148.718393342,9.24151244717,9.6309737141,1.40313253576,49.8893414649,4.90287211996,49.8893414649,8.22872066497,4.90287211996,10.1755339002,1,0,12,6,0.10856960937
WALLABY J130055+070243,NGC4808,2,263.274458965,10.8899629902,10.2109778701,1.27172101164,40.0400640444,2.32701859265,40.0400640444,3.90554465068,2.32701859265,17.2065939528,0,0,10,5,0.101249337839
WALLABY J130057-172247,NGC5044,2,69.8687216411,8.57327697435,9.33750772299,1.5193699916,46.8196857961,3.02209800303,46.8196857961,5.07212908693,3.02209800303,15.4924445697,1,,16,8,0.0903609749201
WALLABY J130100+025004,NGC4808,2,99.6925106467,9.46739323785,9.44890492067,1.56261412601,49.9020038293,5.52167721753,49.9020038293,9.26729033788,5.52167721753,9.03747210556,0,,14,7,0.108567875894
WALLABY J130108-181149,NGC5044,2,69.0440362435,10.809015556,9.51286442003,1.99216909223,61.0940749591,12.3546083123,61.0940749591,20.7353196738,12.3546083123,4.9450434538,0,0,14,7,0.105309949485
WALLABY J130116+045403,NGC4808,2,205.576446368,9.98125615179,9.82875459879,1.06988052122,33.5409567238,3.67806099022,33.5409567238,6.17306259203,3.67806099022,9.11919536217,0,,12,6,0.113223963324
WALLABY J130121-133904,NGC5044,2,130.943810914,9.45789977619,9.74320290302,1.17510942369,38.501479384,4.41162479073,38.501479384,7.40423718861,4.41162479073,8.72727877151,0,0,10,5,0.106138450569
WALLABY J130121-194538,NGC5044,2,173.671588284,9.23912482061,9.6493815506,1.14872804108,38.9487611524,2.35601808073,38.9487611524,3.95421585422,2.35601808073,16.5316053688,1,0,12,6,0.128949037457
WALLABY J130125+042810,NGC4808,2,101.173919153,8.98205186712,9.34619911634,1.28300572447,41.3512338129,4.60968903341,41.3512338129,7.73665771413,4.60968903341,8.97050397829,0,,12,6,0.101596925272
WALLABY J130130-151321,NGC5044,2,69.2448132286,7.9738588695,9.06663593985,1.22924788727,40.9137032324,1.07865546961,40.9137032324,1.81035816068,1.07865546961,37.9302793015,1,0,12,6,0.104864410555
WALLABY J130132-190935,NGC5044,2,187.865358722,10.7124220899,10.1450585694,1.28541216235,42.3513953446,4.10417480459,42.3513953446,6.88822942979,4.10417480459,10.3191012471,1,,14,7,0.10015510611
WALLABY J130133-192537,NGC5044,2,166.612276591,8.27874577133,9.67273980127,1.16806189038,38.8336800745,1.13087046455,38.8336800745,1.89799304028,1.13087046455,34.3396359635,0,0,8,4,0.113316060276
WALLABY J130139+072923,NGC4808,2,261.849552142,10.3089557392,10.0342194972,1.087876598,35.2883128709,2.0365624535,35.2883128709,3.41805846381,2.0365624535,17.3273904811,1,0,8,4,0.124433327582
WALLABY J130143+040835,NGC4808,2,160.179576893,9.43320666701,9.5988082279,0.985900184956,33.1999253474,2.32362384775,33.1999253474,3.8998470908,2.32362384775,14.2879947542,0,,10,5,0.107113075888
WALLABY J130147+053426,NGC4808,2,233.097400486,9.57334680907,9.88060899519,1.23142494228,41.8995767293,2.79238490236,41.8995767293,4.68659079584,2.79238490236,15.0049431559,1,,12,6,0.103203566882
WALLABY J130148+045931,NGC4808,2,169.094603677,10.7806446277,10.1569706338,1.69405634651,53.7408668401,6.07905573049,53.7408668401,10.2027648874,6.07905573049,8.84033133149,0,0,16,8,0.100184375401
WALLABY J130148-114530,NGC5044,2,84.7819164948,9.88928173146,9.93287751327,2.21392602928,68.3351081745,9.19836402271,68.3351081745,15.4380465706,9.19836402271,7.42905021,0,,22,11,0.101914191577
WALLABY J130152-133135,NGC5044,2,202.213220198,10.1963547261,9.59565898751,1.27235697336,39.4002452641,6.7487909259,39.4002452641,11.3268129367,6.7487909259,5.83811910855,0,0,12,6,0.120620713479
WALLABY J130153-191443,NGC5044,2,164.489441393,9.36642835996,9.84303235999,1.56376134284,48.9207467953,4.09051780378,48.9207467953,6.86530824358,4.09051780378,11.9595486787,1,,16,8,0.0960242418699
WALLABY J130158+030601,NGC4808,2,100.105378898,9.56562730076,9.41172774603,1.52022291214,45.7685187105,11.4187164947,45.7685187105,19.1645684587,11.4187164947,4.0082016864,0,0,14,7,0.110213250091
WALLABY J130158-164401,NGC5044,2,185.70942038,9.11373445744,9.54106563664,1.33214611478,35.6908081086,4.10289574299,35.6908081086,6.88608272061,4.10289574299,8.69893127787,0,,14,7,0.0953292429087
WALLABY J130215-170254,NGC5044,2,84.6634039437,8.30323213785,9.09008184316,1.10093302353,34.0743261614,3.10744013803,34.0743261614,5.21536280231,3.10744013803,10.9654006668,0,,10,5,0.0998941887152
WALLABY J130216+060128,NGC4808,2,210.61109288,9.97175924173,9.89863491051,1.68666816091,56.5381253048,2.3893201317,56.5381253048,4.01010825122,2.3893201317,23.662850597,0,0,14,7,0.114470226053
WALLABY J130216+063321,NGC4808,2,49.9993896446,8.23918161003,8.70169812934,1.44410073691,47.751096079,3.94879457226,47.751096079,6.62744748455,3.94879457226,12.0925753936,0,,14,7,0.104381600111
WALLABY J130223-122031,NGC5044,2,73.3265921181,10.3209361465,9.81918162674,2.14807829035,66.1147658629,7.65926575789,66.1147658629,12.8549056305,7.65926575789,8.63199789024,1,0,22,11,0.099475555661
WALLABY J130224-155038,NGC5044,2,194.769365857,9.1967668765,9.71574051404,1.38579067252,41.4300963213,5.63818151111,41.4300963213,9.46282496834,5.63818151111,7.34813099571,0,0,14,7,0.112752964615
WALLABY J130228+063639,NGC4808,2,294.470487257,10.9298793033,9.9519255321,1.2365022137,39.677994138,2.55247756015,39.677994138,4.28394303016,2.55247756015,15.5448944028,0,0,12,6,0.106062275075
WALLABY J130235-113803,NGC5044,2,49.7907646414,9.40893880918,9.51779629592,3.0502408858,99.2616016413,7.54525608439,99.2616016413,12.6635578381,7.54525608439,13.1554980416,0,,28,14,0.0957946309681
WALLABY J130237+044721,NGC4808,2,195.391286015,9.86661245706,9.92384656698,1.22649272212,40.4595906523,2.80379361139,40.4595906523,4.70573856831,2.80379361139,14.4303027469,1,0,12,6,0.111834424546
WALLABY J130241+055729,NGC4808,2,40.896668517,8.38934127454,8.92493836702,1.58130619046,50.4544319261,6.08438941536,50.4544319261,10.2117166614,6.08438941536,8.29243963226,1,0,18,9,0.102394845985
WALLABY J130242+032114,NGC4808,2,297.504205693,10.9365043777,9.78528577361,1.24726948567,35.7018256216,3.79082683829,35.7018256216,6.36232281372,3.79082683829,9.41795211035,0,,12,6,0.126984178347
WALLABY J130244-125326,NGC5044,2,201.466229595,10.4884238885,10.0204885839,1.31526803663,42.0086490919,8.73013197601,42.0086490919,14.6521907244,8.73013197601,4.8119145515,0,0,12,6,0.114363119808
WALLABY J130252-113001,NGC5044,2,160.573334787,10.1231007752,9.88430700514,1.2549520516,40.2629873561,3.77596890442,40.2629873561,6.33738604514,3.77596890442,10.6629552243,0,0,12,6,0.113391713223
WALLABY J130254-155621,NGC5044,2,77.5025658009,8.75743908399,8.88072286062,0.903421790627,31.6527347143,3.76982833611,31.6527347143,6.32708004079,3.76982833611,8.3963331728,0,0,8,4,0.10793954807
WALLABY J130315+074816,NGC4808,2,41.7739900854,10.1044323247,9.76564304811,3.70011151133,107.471287812,13.7648937016,107.471287812,23.102267912,13.7648937016,7.80763659653,0,,30,15,0.0923684482266
WALLABY J130316+044405,NGC4808,2,195.992191899,10.2948232116,10.0577992843,1.48000450296,45.5516592498,4.70824204071,45.5516592498,7.9020638573,4.70824204071,9.67487628205,1,,16,8,0.104029260282
WALLABY J130320-112144,NGC5044,2,302.765085433,10.7641382795,10.2272122823,1.47009607215,51.545229377,3.95476980923,51.545229377,6.63747600553,3.95476980923,13.0336863745,0,0,14,7,0.117701194398
WALLABY J130320-193543,NGC5044,2,166.74061265,9.52895005099,9.66487411444,1.06760145053,34.0420766663,4.51690943149,34.0420766663,7.58094134852,4.51690943149,7.53658606235,0,,12,6,0.105154631878
WALLABY J130321-134144,NGC5044,2,199.072637895,10.5543882941,9.96494337818,1.82502032804,61.9469110557,0.87744823635,61.9469110557,1.47266260637,0.87744823635,70.5989350589,1,0,14,7,0.122978630145
WALLABY J130322+073646,NGC4808,2,43.9082332806,8.21446395689,8.60653708805,1.72140518797,60.83802085,2.24626144557,60.83802085,3.77000613596,2.24626144557,27.0841228077,1,,16,8,0.0993210641793
WALLABY J130330+081941,NGC4808,2,91.8211278519,9.20811029297,9.48533798901,1.26347480156,42.5841488504,9.56022599882,42.5841488504,16.045376529,9.56022599882,4.45430357563,1,,12,6,0.0976513840713
WALLABY J130331+075810,NGC4808,2,199.310271718,10.2425071758,10.2704563214,1.53165405938,51.1783176113,3.22992836752,51.1783176113,5.42094055359,3.22992836752,15.8450317741,1,0,12,6,0.0983816104265
WALLABY J130334-163733,NGC5044,2,198.96909019,10.1249830166,10.0500834635,1.39689170544,50.175860685,2.35454881404,50.175860685,3.9517499149,2.35454881404,21.3101806961,0,0,12,6,0.102349761404
WALLABY J130337-155652,NGC5044,2,196.482946886,8.66892713747,9.55939368042,1.05715689767,33.6599849435,2.70427128243,33.6599849435,4.53870556705,2.70427128243,12.4469705248,1,0,8,4,0.113228031896
WALLABY J130338+075404,NGC4808,2,197.516215101,10.6534229284,9.7904230878,1.15176850433,36.5198895757,4.55215868085,36.5198895757,7.64010182008,4.55215868085,8.02254317921,1,0,10,5,0.107984715872
WALLABY J130339+043644,NGC4808,2,124.407740804,9.31725309668,9.54349065712,1.28560192355,39.307090255,4.31064829557,39.307090255,7.2347635919,4.31064829557,9.11860294781,1,0,14,7,0.104875625706
WALLABY J130340-211340,NGC5044,2,99.0582838632,8.50967557816,9.48847088237,1.30671969593,40.5679085655,2.94608243433,40.5679085655,4.944548586,2.94608243433,13.7701199711,0,,12,6,0.0941166432794
WALLABY J130342+055733,NGC4808,2,267.396119276,10.2171456119,9.91735235368,1.02808132887,29.4781853264,3.0186887849,29.4781853264,5.06640723593,3.0186887849,9.76522835806,1,0,8,4,0.116326430147
WALLABY J130344+061920,NGC4808,2,205.554947212,9.64062224198,10.0967465468,1.44888191579,47.2465624124,5.01180339223,47.2465624124,8.4115451379,5.01180339223,9.42705822931,1,,14,7,0.0974450570461
WALLABY J130347-180311,NGC5044,2,252.848723478,8.35339108377,9.88827060615,1.27085759309,37.5467890915,0.394682332154,37.5467890915,0.662413904184,0.394682332154,95.1316692759,0,,10,5,0.112786563663
WALLABY J130353-192550,NGC5044,2,195.829580365,9.98597795658,9.56804651004,0.884872251562,31.2544919007,3.05368313266,31.2544919007,5.12513989416,3.05368313266,10.2350147487,0,0,8,4,0.118906463377
WALLABY J130355-163807,NGC5044,2,192.2096753,10.4339695333,9.81442799163,1.35676655902,45.2270580895,3.4864217983,45.2270580895,5.8514255311,3.4864217983,12.9723426212,1,,12,6,0.115991364176
WALLABY J130357-112956,NGC5044,2,45.4037242038,11.052612956,9.17774323836,3.2975594439,103.889195665,16.9121263968,103.889195665,28.3844164329,16.9121263968,6.14288193142,1,,38,19,0.0983195049771
WALLABY J130358+054204,NGC4808,2,208.81925061,10.7388193758,10.3999484527,2.55378185781,80.131694134,9.75282196748,80.131694134,16.3686193933,9.75282196748,8.21625724342,1,,28,14,0.100955925537
WALLABY J130358-164910,NGC5044,2,157.516697065,9.33485179494,9.53304857131,1.14011799721,34.4590431313,3.11205094847,34.4590431313,5.22310134213,3.11205094847,11.0727760252,0,,10,5,0.0951772426795
WALLABY J130401-200110,NGC5044,2,165.698197035,9.92261216134,9.59247997414,1.03215254176,32.7532306277,2.67441712039,32.7532306277,4.48859992405,2.67441712039,12.2468669446,1,,10,5,0.104072296618
WALLABY J130408-142339,NGC5044,2,103.081742351,8.89307818578,9.52792673933,1.69065642732,52.0123581237,5.73327538818,52.0123581237,9.62242549069,5.73327538818,9.0720146168,0,,22,11,0.105039333936
WALLABY J130414-191227,NGC5044,2,200.197985634,9.7151106847,9.87548128765,1.17851298306,39.7800592104,3.79802166106,39.7800592104,6.37439822286,3.79802166106,10.4738895037,0,0,10,5,0.101858138687
WALLABY J130415-102023,NGC5044,2,44.4006934537,10.9904483231,10.2674109913,7.39081502996,225.308576525,31.6268151736,225.308576525,53.0807700504,31.6268151736,7.12397297321,0,0,64,32,0.0887997326147
WALLABY J130417-202952,NGC5044,2,67.8410275972,7.98345251636,8.98599726621,1.07979214008,37.8069596508,2.16739197783,37.8069596508,3.63763580217,2.16739197783,17.4435266152,0,0,8,4,0.109265127089
WALLABY J130419+081330,NGC4808,2,252.232250075,9.89538599826,9.94905553845,1.39929013119,47.8296205938,3.02681810614,47.8296205938,5.08005105777,3.02681810614,15.8019474301,1,0,12,6,0.11561912867
WALLABY J130425-204308,NGC5044,2,187.252773293,10.4460774961,10.193243704,1.96543461875,65.0938121839,3.74783095967,65.0938121839,6.29016081026,3.74783095967,17.3683959827,0,0,16,8,0.11593456271
WALLABY J130428+043155,NGC4808,2,101.227806848,9.38402095131,9.50991234482,1.81577955327,58.4603837334,3.34732155293,58.4603837334,5.61796705298,3.34732155293,17.4648245796,0,0,20,10,0.107277774192
WALLABY J130430-180121,NGC5044,2,200.339033973,10.193387868,9.92676595652,1.32539235915,41.2375291379,3.25847569939,41.2375291379,5.46885288211,3.25847569939,12.6554662187,0,0,14,7,0.110820575842
WALLABY J130440+075733,NGC4808,2,201.731886756,10.2668125945,9.91819477491,1.25925770495,41.0125724188,5.56332079743,41.0125724188,9.33718271486,5.56332079743,7.37195892744,0,,12,6,0.100724671305
WALLABY J130444-160813,NGC5044,2,257.247058316,10.0355492365,10.113392181,1.4230595134,46.7306069015,3.97370429417,46.7306069015,6.66925464133,3.97370429417,11.7599608431,1,0,12,6,0.113853071678
WALLABY J130445+062514,NGC4808,2,203.903134842,9.22977982023,9.67421095101,1.37963359338,44.1097962506,3.70194062685,44.1097962506,6.21314090829,3.70194062685,11.915317045,0,,16,8,0.10404025553
WALLABY J130445-190601,NGC5044,2,191.405721169,9.25288648073,9.66315860117,0.952770133423,35.2229032703,4.58043895119,35.2229032703,7.68756592668,4.58043895119,7.68985323145,0,0,8,4,0.132528593123
WALLABY J130502-201243,NGC5044,2,101.526734549,9.14340047838,9.48848889341,1.92925898807,63.7418877313,3.88043806131,63.7418877313,6.51272154014,3.88043806131,16.4264669927,1,,16,8,0.102351995562
WALLABY J130504+071549,NGC4808,2,263.395524909,9.7518661458,10.0965768808,1.21341140254,40.2155059886,2.26346065349,40.2155059886,3.79887237481,2.26346065349,17.7672653274,1,0,12,6,0.0969468848113
WALLABY J130510-161645,NGC5044,2,195.054063713,9.21290662136,9.75612614553,1.32135105316,40.5353325969,1.8900899401,40.5353325969,3.17222676183,1.8900899401,21.4462453542,0,0,10,5,0.114411087077
WALLABY J130522+043840,NGC4808,2,200.986770716,10.7104193819,10.0815843968,1.86757381322,60.2078979136,3.12305941015,60.2078979136,5.24157736067,3.12305941015,19.2784990634,0,0,12,6,0.110159857391
WALLABY J130525-161217,NGC5044,2,175.175084869,10.4023154787,9.58165226528,0.853181774239,27.5572967318,5.52612709224,27.5572967318,9.27475877171,5.52612709224,4.98672872916,0,0,8,4,0.108303957239
WALLABY J130528-111138,NGC5044,2,46.4668001234,7.55467390745,8.85219379478,1.47807139938,46.3973498541,5.35669703387,46.3973498541,8.99039634322,5.35669703387,8.6615594574,1,,14,7,0.10656278612
WALLABY J130534-154506,NGC5044,2,41.5074795269,9.03200918321,9.35437175708,1.89655309927,57.0830457922,14.1002590814,57.0830457922,23.6651273877,14.1002590814,4.04836857696,0,,20,10,0.0923635913122
WALLABY J130535+041627,NGC4808,2,187.926777208,9.02875955734,10.111872159,1.41609841485,45.1248962527,3.90635528045,45.1248962527,6.55621962687,3.90635528045,11.5516621027,1,,14,7,0.103918401532
WALLABY J130535+051140,NGC4808,2,187.444143011,9.42567231554,9.7676209182,1.03759437196,33.7046478764,2.35080777158,33.7046478764,3.94547114754,2.35080777158,14.3374750942,0,,10,5,0.103333427599
WALLABY J130544+073310,NGC4808,2,265.685468441,10.6229493582,10.1814261858,1.31091009857,38.3341078852,3.79092752131,38.3341078852,6.36249179476,3.79092752131,10.1120656277,1,0,14,7,0.109598741144
WALLABY J130545-193817,NGC5044,2,192.278118841,10.6443443086,10.2275479199,2.32859074,73.9216856154,2.99431802138,73.9216856154,5.02550463834,2.99431802138,24.687319479,0,0,20,10,0.107228631419
WALLABY J130546-133400,NGC5044,2,18.5269145915,6.0645520909,7.64538968212,0.929293114877,28.6095819884,2.37080466322,28.6095819884,3.97903287044,2.37080466322,12.0674564346,1,0,8,4,0.121547840534
WALLABY J130559-145906,NGC5044,2,80.3092995283,9.01644715733,9.26381958097,1.49858328504,51.0398402861,4.26049414936,51.0398402861,7.15058753156,4.26049414936,11.9797935396,0,,14,7,0.100334610557
WALLABY J130602-155021,NGC5044,2,96.2000539939,8.9472931743,9.2643590951,1.26256200997,41.8335595868,2.28462145493,41.8335595868,3.83438754222,2.28462145493,18.3109370248,1,,12,6,0.108137052448
WALLABY J130609+040911,NGC4808,2,170.354725588,9.95821986076,9.71374503377,1.20738759495,40.8093873441,3.80748135174,40.8093873441,6.39027486624,3.80748135174,10.7182106947,1,0,10,5,0.101665828609
WALLABY J130612-201622,NGC5044,2,216.633616157,10.490655651,10.1635270648,1.739353328,52.5389011203,3.37090546511,52.5389011203,5.65754904101,3.37090546511,15.5859906675,1,0,16,8,0.108456238098
WALLABY J130614-202212,NGC5044,2,217.102265077,10.3319447382,10.4229173538,1.68581978936,47.6935070297,2.81037811186,47.6935070297,4.71678964484,2.81037811186,16.9704947631,1,,16,8,0.100591504049
WALLABY J130618-173039,NGC5044,2,20.990122421,8.32742830795,9.117039839,2.92479961861,87.42665791,18.3436450518,87.42665791,30.7870014587,18.3436450518,4.76604609732,0,0,28,14,0.096996452853
WALLABY J130622-161408,NGC5044,2,159.276615411,9.59340023449,9.45748053238,1.08437195729,30.8859052661,2.57106363485,30.8859052661,4.31513691269,2.57106363485,12.012890248,1,,10,5,0.111234061465
WALLABY J130623+052247,NGC4808,2,186.707495307,9.39563114454,9.84987458809,1.46131414556,46.7700091809,2.97623998219,46.7700091809,4.99516341567,2.97623998219,15.7144616902,0,,14,7,0.11210047743
WALLABY J130629-133413,NGC5044,2,35.1978215189,9.10704668501,9.31622061136,2.05837231271,64.7842058892,7.47115455296,64.7842058892,12.5391897559,7.47115455296,8.67124424076,1,,24,12,0.0948711383548
WALLABY J130630-112046,NGC5044,2,222.445131652,9.5188935356,9.91177082535,1.10382041391,35.11681251,4.07544654257,35.11681251,6.84001343769,4.07544654257,8.61667847761,0,,10,5,0.0995122678226
WALLABY J130643-155855,NGC5044,2,162.037199778,8.65355335146,9.71935637968,1.36691148518,43.7344889023,1.34998744189,43.7344889023,2.26574735966,1.34998744189,32.3962190648,1,,14,7,0.105173736283
WALLABY J130645-164412,NGC5044,2,267.674615588,10.6125695243,9.99123834198,1.17594972372,35.2815848378,5.15293534683,35.2815848378,8.6484135291,5.15293534683,6.84689064836,0,,10,5,0.102719552904
WALLABY J130647-162241,NGC5044,2,156.178955908,9.90059119053,9.5922204144,1.25508425413,41.8289280877,3.46973896876,41.8289280877,5.82342595436,3.46973896876,12.0553530004,1,0,12,6,0.105051278245
WALLABY J130654-154854,NGC5044,2,162.133166171,9.49425220152,9.94241200106,1.38487297545,43.4555570166,5.75711128389,43.4555570166,9.6624303945,5.75711128389,7.54815303609,0,0,12,6,0.109194249229
WALLABY J130659-151041,NGC5044,2,69.1871927462,8.64347511033,8.66657014078,0.876462490205,30.7475744485,3.88559290865,30.7475744485,6.52137316266,3.88559290865,7.91322590178,0,,10,5,0.11012351431
WALLABY J130703-185253,NGC5044,2,197.787603417,9.49914102973,9.86594867667,1.4989976081,47.5992579378,3.78203615002,47.5992579378,6.34756898853,3.78203615002,12.5856168608,1,,16,8,0.103614023135
WALLABY J130718-162004,NGC5044,2,35.306690726,8.64396642209,8.88614718901,1.64770535604,51.4364957592,10.2687681068,51.4364957592,17.2345560433,10.2687681068,5.0090230127,0,0,16,8,0.101014178947
WALLABY J130721+070242,NGC4808,2,293.839886742,9.64444309941,9.96668487385,0.96914982253,28.8012387486,2.65163447409,28.8012387486,4.45036273822,2.65163447409,10.8616926767,1,0,10,5,0.112014882994
WALLABY J130727+044550,NGC4808,2,200.910960187,10.8609499048,10.2514526724,1.66903950171,54.0023998823,5.27301017922,54.0023998823,8.84994076263,5.27301017922,10.2412849676,1,,16,8,0.0963550185012
WALLABY J130733-140834,NGC5044,2,265.513109771,9.8088952929,9.77238670825,0.908002499778,33.2679204793,1.8920379643,33.2679204793,3.17549622239,1.8920379643,17.5831146663,0,,8,4,0.110619932629
WALLABY J130737-151812,NGC5044,2,169.099371883,9.84968686711,10.0816879862,1.52998596374,49.724796115,5.0493497482,49.724796115,8.47456095144,5.0493497482,9.84776230498,1,,14,7,0.0947745162894
WALLABY J130739+075909,NGC4808,2,86.4402640202,9.06931024592,9.09968706448,1.35140820869,47.9773948181,6.02558634632,47.9773948181,10.1130247074,6.02558634632,7.96227820176,1,0,10,5,0.116344912446
WALLABY J130753-205916,NGC5044,2,178.331542071,10.5986926487,10.3232852973,1.78551144138,53.030888242,6.57519791107,53.030888242,11.0354636228,6.57519791107,8.06529156373,1,0,18,9,0.0986057739898
WALLABY J130757-193648,NGC5044,2,198.453986932,10.1260199717,10.0555870443,1.41155870608,47.6714319123,4.55877863898,47.6714319123,7.65121240689,4.55877863898,10.4570622282,1,0,12,6,0.106087482371
WALLABY J130759-180456,NGC5044,2,153.792798653,10.3355629696,10.0109765235,1.40974649588,47.7115344821,5.7285715033,47.7115344821,9.61453073966,5.7285715033,8.32869668375,1,0,12,6,0.103351818611
WALLABY J130802+062900,NGC4808,2,101.909539502,10.5353224214,9.7839710893,2.14907994151,68.3964566175,4.80698106567,68.3964566175,8.06778220263,4.80698106567,14.2285679272,0,,18,9,0.0959143504976
WALLABY J130810+044441,NGC4808,2,83.5674063586,8.38782985038,9.63849943126,3.66421976814,119.858847833,0.42798627276,119.858847833,0.718309472656,0.42798627276,280.05301913,1,,30,15,0.0980059041403
WALLABY J130812-145720,NGC5044,2,165.211598646,9.18155045074,9.54475745334,1.52946834758,52.5098598846,2.85900333869,52.5098598846,4.79839964795,2.85900333869,18.3664912782,0,0,14,7,0.107495868695
WALLABY J130813+034746,NGC4808,2,85.2247575606,7.95130865057,9.08084167287,1.19610605184,38.9288291818,2.26998823971,38.9288291818,3.8098279295,2.26998823971,17.1493528031,0,0,10,5,0.109262414017
WALLABY J130813+053320,NGC4808,2,202.530394423,9.77502272154,9.82649902026,1.51163212909,46.6824691208,1.43414424901,46.6824691208,2.40699168358,1.43414424901,32.55074875,1,,14,7,0.0990092443599
WALLABY J130813+064248,NGC4808,2,194.396760747,8.81801982398,9.75355652932,1.434978961,47.0083986898,1.61893669835,47.0083986898,2.7171375347,1.61893669835,29.0365884829,0,,10,5,0.0991145069732
WALLABY J130815-210002,NGC5044,2,23.5273556005,8.54226566063,8.73731037695,2.70699969432,81.4587751142,15.0168696103,81.4587751142,25.2035179099,15.0168696103,5.42448441175,0,0,30,15,0.102103792355
WALLABY J130821-185647,NGC5044,2,195.369247874,9.69546851368,9.88305789017,2.47742806256,73.4853323265,2.32740189962,73.4853323265,3.90618797279,2.32740189962,31.5739762602,0,0,18,9,0.106872974384
WALLABY J130825-194130,NGC5044,2,99.4384425736,10.0727621625,9.68619281637,2.01692759954,61.4413489903,2.9736486848,61.4413489903,4.9908143195,2.9736486848,20.6619394229,0,,18,9,0.0998014816907
WALLABY J130826+064302,NGC4808,2,211.70720312,10.685829187,9.96035960918,1.32404275833,46.4109698566,3.62781110192,46.4109698566,6.08872584326,3.62781110192,12.7931054161,1,0,10,5,0.104346080782
WALLABY J130829-204924,NGC5044,2,20.7205906641,7.7616932652,8.08547971113,1.27607458965,42.5929040075,5.62297986211,42.5929040075,9.43731132649,5.62297986211,7.57479220128,1,0,10,5,0.109251238659
WALLABY J130846-175751,NGC5044,2,195.121589426,10.5051760937,10.2296112321,1.18840559883,40.9562341666,5.67709363656,40.9562341666,9.52813301696,5.67709363656,7.21429604453,1,0,10,5,0.103513099748
WALLABY J130852+055946,NGC4808,2,51.1344242839,8.11624408491,8.86265187418,1.44791832653,46.0862560808,8.76892530832,46.0862560808,14.7172993969,8.76892530832,5.25563332568,0,0,14,7,0.113566867742
WALLABY J130854-171416,NGC5044,2,140.017397204,9.34864468468,9.82966656475,1.51241995817,45.1563509935,5.69759177969,45.1563509935,9.56253601378,5.69759177969,7.92551532992,1,,16,8,0.111608758388
WALLABY J130857-153100,NGC5044,2,17.8981386191,10.5366384132,8.28565239006,2.98565672132,109.933306014,15.1904106073,109.933306014,25.4947799198,15.1904106073,7.2370200422,0,,26,13,0.102395000086
WALLABY J130901+072007,NGC4808,2,91.0666129882,8.9609659072,9.01603686575,0.981959925547,33.0188925258,4.72951847903,33.0188925258,7.93777310352,4.72951847903,6.98144909934,0,,8,4,0.106976819721
WALLABY J130901-172115,NGC5044,2,71.4185263564,7.78950060951,8.6729156442,1.37879983936,44.5810308147,0.328760259792,44.5810308147,0.55177379246,0.328760259792,135.603466316,1,,10,5,0.111862143521
WALLABY J130904+081148,NGC4808,2,101.956154545,8.84215871594,9.24261821764,1.08871524484,34.3081893914,2.51718838452,34.3081893914,4.22471554846,2.51718838452,13.6295676567,0,,12,6,0.110172743862
WALLABY J130905+055109,NGC4808,2,103.293956779,9.41789515325,9.65494102393,1.30155570751,45.5436508799,4.63649700924,45.5436508799,7.78165079968,4.63649700924,9.82285781468,1,0,12,6,0.104701467651
WALLABY J130906+051433,NGC4808,2,51.4567509491,8.29437721908,9.39967710629,3.11721238329,97.0056166844,4.88536279686,97.0056166844,8.19933394524,4.88536279686,19.8563792943,1,0,24,12,0.0998242873112
WALLABY J130914-183640,NGC5044,2,249.35825245,8.79412552041,9.80506932952,1.17719079027,34.2827041233,2.01558832952,34.2827041233,3.38285660596,2.01558832952,17.0087828061,0,,10,5,0.107498563147
WALLABY J130922-201247,NGC5044,2,239.934418764,10.3474330609,10.290252371,1.42953493169,44.6197948213,5.29246143446,44.6197948213,8.88258671831,5.29246143446,8.4308209656,1,,14,7,0.100869965044
WALLABY J130924-183226,NGC5044,2,189.629725646,10.3391117959,9.68035740476,1.44422104966,45.5657382012,2.54869602918,45.5657382012,4.27759630905,2.54869602918,17.8780590857,0,,16,8,0.118743248701
WALLABY J130932-145705,NGC5044,2,199.039022733,9.38354434038,9.56780336288,1.68351521537,57.4225726937,2.35232807699,57.4225726937,3.94802274755,2.35232807699,24.4109540907,0,0,14,7,0.113522927703
WALLABY J130934-145427,NGC5044,2,83.2771731081,8.0079936933,8.87338037911,1.02545088925,32.2616251393,3.50153014864,32.2616251393,5.87678258542,3.50153014864,9.21357914107,1,,10,5,0.107378736108
WALLABY J130937-150616,NGC5044,2,198.304472294,10.8065327797,9.65440621521,1.24629551281,40.3962155623,3.24271680951,40.3962155623,5.44240399672,3.24271680951,12.4575218668,1,0,10,5,0.121462925732
WALLABY J130939-135908,NGC5044,2,161.44245663,8.60448031416,9.4733405687,0.843690426877,31.1291418412,1.98635876751,31.1291418412,3.33379925855,1.98635876751,15.6714599348,0,,8,4,0.10300937629
WALLABY J130941-132855,NGC5044,2,203.844888899,9.81956196853,9.71353625334,1.18284303683,34.9789103644,3.48057994957,34.9789103644,5.84162088187,3.48057994957,10.0497362139,0,,10,5,0.112879256485
WALLABY J130941-145553,NGC5044,2,35.5956648894,7.66626790819,7.96995377004,1.12949074837,41.3208561579,1.88264027854,41.3208561579,3.15972364478,1.88264027854,21.948354462,1,,10,5,0.10662891901
WALLABY J130947-101916,NGC5044,2,17.2291899279,8.59887724834,8.84561973115,3.52752602193,105.512260713,13.0491108845,105.512260713,21.9009359754,13.0491108845,8.08578160206,0,0,22,11,0.0911832854499
WALLABY J130954-104332,NGC5044,2,86.3548765464,9.91866307728,9.75127923578,2.05682397983,63.4272400551,5.21278667122,63.4272400551,8.74886481924,5.21278667122,12.1676262728,0,0,20,10,0.106238870632
WALLABY J131017-171323,NGC5044,2,237.469853179,10.5120824783,9.7629459594,1.32022349579,40.7757588629,6.89058349619,40.7757588629,11.5647900703,6.89058349619,5.91760609032,0,0,10,5,0.119750791931
WALLABY J131032-172527,NGC5044,2,189.307971754,11.0219515666,9.93327143379,1.66478776661,52.0281197393,5.13564234794,52.0281197393,8.61938987647,5.13564234794,10.1307910899,1,0,14,7,0.106196148891
WALLABY J131033-170323,NGC5044,2,70.0238803882,8.17654675691,8.95994589428,1.13836051656,34.8699190217,4.15777854471,34.8699190217,6.97819510567,4.15777854471,8.38667058544,0,,10,5,0.111299827333
WALLABY J131037-144407,NGC5044,2,203.159638177,9.58168387612,9.82865494872,1.21447454568,38.3792208042,4.32928566822,38.3792208042,7.26604357018,4.32928566822,8.86502387355,0,0,12,6,0.115269730851
WALLABY J131038-144004,NGC5044,2,47.8547721263,8.01177575068,8.691284403,1.26574988734,33.8088192261,3.37843094279,33.8088192261,5.67017940381,3.37843094279,10.0072547874,1,0,12,6,0.100608739834
WALLABY J131041+053553,NGC4808,2,252.039965878,10.5961519429,10.0851161057,0.939100465205,35.3557660339,3.78969725434,35.3557660339,6.3604269799,3.78969725434,9.32944339903,0,0,8,4,0.114872018038
WALLABY J131049-105237,NGC5044,2,157.305471433,9.89974236479,9.96853555554,1.33379166169,42.9692616119,3.9328638718,42.9692616119,6.60071024138,3.9328638718,10.9256925774,1,,16,8,0.0979841922447
WALLABY J131049-182530,NGC5044,2,191.363464621,10.4970138359,9.66295499323,1.12180068773,34.541635649,3.7910651976,34.541635649,6.36272286335,3.7910651976,9.11132725199,1,0,10,5,0.113663507793
WALLABY J131049-182903,NGC5044,2,193.811084267,9.51472385084,9.98039873063,1.36287389153,43.7649001945,4.76178046595,43.7649001945,7.99191991214,4.76178046595,9.19086894229,1,,12,6,0.112100929076
WALLABY J131051-190753,NGC5044,2,285.008084644,10.7674895854,9.962761486,1.00883218755,33.5872276628,1.92745030802,33.5872276628,3.23493042287,1.92745030802,17.4257294848,0,,10,5,0.107581069277
WALLABY J131104-185724,NGC5044,2,230.652649908,9.72407336259,9.79891502425,1.13661805382,37.7595932034,2.19597033756,37.7595932034,3.68560020621,2.19597033756,17.194946834,1,0,8,4,0.104901176053
WALLABY J131113+065134,NGC4808,2,88.4973842314,8.20648838554,9.32321798578,1.69590446773,54.6135625437,2.71738227691,54.6135625437,4.56071036518,2.71738227691,20.0978577831,0,,16,8,0.102764089706
WALLABY J131124-104927,NGC5044,2,87.4893054421,8.83159309042,9.15705664168,0.987598814978,29.399966554,4.54531397021,29.399966554,7.62861402058,4.54531397021,6.46819268078,1,0,8,4,0.119092858408
WALLABY J131132-144033,NGC5044,2,35.103774472,7.81631336923,8.84680217856,1.65920853051,54.7180482211,7.09812062586,54.7180482211,11.9131093872,7.09812062586,7.70880788103,0,0,14,7,0.101066048068
WALLABY J131142-103858,NGC5044,2,157.556427443,10.7461042133,9.82865197358,1.24686713246,42.7948379488,4.32680332813,42.7948379488,7.26187734216,4.32680332813,9.89063627426,1,,12,6,0.123442926406
WALLABY J131145+075645,NGC4808,2,279.477281201,10.5494000764,10.4061113317,1.65965676376,50.9685821149,3.26249597897,50.9685821149,5.47560030624,3.26249597897,15.6225731598,1,0,12,6,0.0958596603148
WALLABY J131145-191544,NGC5044,2,39.7068006632,10.6381699584,8.75667534314,2.16161048607,62.3861743764,11.6473447111,62.3861743764,19.5482859375,11.6473447111,5.35625723493,0,0,14,7,0.10401858193
WALLABY J131150-141025,NGC5044,2,204.64629803,9.98041642987,9.75043970878,1.50021927181,52.0301738324,3.45528226656,52.0301738324,5.79916259174,3.45528226656,15.0581543904,0,,14,7,0.109291315845
WALLABY J131208+025916,NGC4808,2,43.405871392,8.7639403519,9.16894101573,2.02465529302,63.9747566642,13.7703703027,63.9747566642,23.111459549,13.7703703027,4.64582689193,1,0,18,9,0.0909814696049
WALLABY J131222-143329,NGC5044,2,99.6684428038,8.93198406183,9.11875250604,0.957414943973,32.9119422397,4.58972463676,32.9119422397,7.70315052911,4.58972463676,7.17078797628,0,,10,5,0.105330141085
WALLABY J131248-173738,NGC5044,2,197.028243731,10.3419551406,10.1643535186,1.35252619338,41.638602073,3.08268906666,41.638602073,5.17382191618,3.08268906666,13.5072338379,0,,12,6,0.102756837811
WALLABY J131251-183142,NGC5044,2,87.9753793758,8.6529548309,9.21227532468,1.04294350251,34.4218498198,2.11810367681,34.4218498198,3.55491293052,2.11810367681,16.2512582347,0,,10,5,0.101364828568
WALLABY J131253-105339,NGC5044,2,88.9988449388,9.48527227736,9.63505599263,1.63383260179,55.4788402197,6.15867955417,55.4788402197,10.3364012922,6.15867955417,9.00823621877,0,,16,8,0.096182213587
WALLABY J131321-185558,NGC5044,2,87.6930851428,9.84840593372,9.85785958252,1.8012152577,57.8830935579,6.89993348353,57.8830935579,11.5804825934,6.89993348353,8.38893500874,0,0,16,8,0.101656824187
WALLABY J131327-204640,NGC5044,2,192.092760286,10.2571978715,10.1372013228,1.22733857838,39.0439732698,3.99481610764,39.0439732698,6.70468758992,3.99481610764,9.77365971745,0,0,10,5,0.109252673067
WALLABY J131344-175928,NGC5044,2,101.607679357,8.82291533071,9.59584680684,1.42739567482,43.1752556492,2.66719526668,43.1752556492,4.47647914761,2.66719526668,16.1875120988,0,,14,7,0.104146812979
WALLABY J131431-105651,NGC5044,2,28.7967815047,8.4112518993,8.57045109699,1.48672322973,48.9252692143,13.0895619261,48.9252692143,21.9688268593,13.0895619261,3.73773159793,1,0,12,6,0.106922734996
WALLABY J131441-184647,NGC5044,2,98.6701317096,10.3588790722,9.54712304549,1.44142051228,44.1032003043,6.45901737411,44.1032003043,10.8404723683,6.45901737411,6.82815941649,0,0,14,7,0.103619803915
WALLABY J131451-143740,NGC5044,2,169.283179098,10.3715108685,9.65676507334,1.19318099694,38.9319573343,3.31775511902,38.9319573343,5.56834431761,3.31775511902,11.7344276288,0,0,12,6,0.114828290514
WALLABY J131516-145919,NGC5044,2,33.2540356889,7.83842475248,8.15887292152,1.25807656027,44.4807350586,2.85640939969,44.4807350586,4.79404611822,2.85640939969,15.5722548258,1,0,10,5,0.123315682589
WALLABY J131600-185222,NGC5044,2,251.724301682,8.63613296442,9.88814465619,1.23925870391,39.7071827808,0.588052121522,39.7071827808,0.986955508129,0.588052121522,67.5232370186,1,0,8,4,0.11175398431
WALLABY J131618-190711,NGC5044,2,91.218332516,8.06406581103,9.03976506754,1.16953180129,41.7694942634,2.48116040332,41.7694942634,4.16424809465,2.48116040332,16.8346609948,1,,10,5,0.109225776885
WALLABY J131618-204147,NGC5044,2,41.3931007697,8.72693529563,9.17911853291,1.98329730738,59.9020402437,6.44720043636,59.9020402437,10.8206394464,6.44720043636,9.29117077017,0,,22,11,0.0953600727384
WALLABY J131624-192614,NGC5044,2,107.208948122,9.49816197393,9.56700928438,1.42584477744,45.5030507773,4.47823553506,45.5030507773,7.51603313085,4.47823553506,10.1609328989,0,,14,7,0.103834221109
WALLABY J131650-184634,NGC5044,2,111.216543448,8.70768250318,9.02607684988,1.29285158135,39.8141738344,5.51842062886,39.8141738344,9.26182465209,5.51842062886,7.21477692841,0,0,12,6,0.119719926046
WALLABY J131650-214015,NGC5044,2,27.5689014617,8.78395846504,8.62304564396,1.48148838938,52.5160334585,11.3046479833,52.5160334585,18.9731219161,11.3046479833,4.6455257639,0,,12,6,0.0895886752585
WALLABY J131738-201111,NGC5044,2,299.779606476,10.6388226423,10.5008049992,1.41870704184,47.0271042904,3.37712897642,47.0271042904,5.66799425247,3.37712897642,13.9251727188,0,,12,6,0.0978209526501
WALLABY J131739-213708,NGC5044,2,41.8802671397,8.99644729925,9.20846934001,2.45523729925,81.7177337165,12.7064174275,81.7177337165,21.3257774433,12.7064174275,6.4312174681,1,0,18,9,0.0993079267996
WALLABY J131744-185121,NGC5044,2,103.62492349,8.73302991444,9.30990951312,1.17651859259,40.9724919423,2.57405268684,40.9724919423,4.32015357911,2.57405268684,15.9175032243,1,,10,5,0.0901429825858
WALLABY J131745-185133,NGC5044,2,103.428995839,6.61920677277,9.48403993394,2.85012837052,86.6632630572,0.422626997724,86.6632630572,0.70931474953,0.422626997724,205.058511463,0,0,24,12,0.104383996535
WALLABY J131753-193408,NGC5044,2,224.967278308,9.88933259298,10.035666632,1.18991392163,40.1558401366,3.46719994432,40.1558401366,5.81916459033,3.46719994432,11.5816338202,1,,10,5,0.0944190077161
WALLABY J131805-191823,NGC5044,2,197.288197651,9.40197324288,9.94817351923,1.15508336895,39.2532223107,4.0007117819,39.2532223107,6.71458257708,4.0007117819,9.81155965504,1,0,10,5,0.113454654701
WALLABY J131844-113805,NGC5044,2,127.683133886,9.75257297212,9.41464370357,1.82348515696,55.3211743127,1.37985621954,55.3211743127,2.31587753273,1.37985621954,40.0919846062,0,,20,10,0.118113831454
WALLABY J131915-155513,NGC5044,2,96.7609029787,9.56406848371,9.37823827777,1.40794807769,46.5525275701,3.57427884888,46.5525275701,5.99888014749,3.57427884888,13.0243133058,1,0,12,6,0.1264124312
WALLABY J132121-151214,NGC5044,2,100.27235561,8.71414545814,9.30344558766,1.08096161989,34.8567264343,5.96342014716,34.8567264343,10.0086882542,5.96342014716,5.84508982666,1,0,10,5,0.104280383505
WALLABY J132124-160619,NGC5044,2,73.2342229945,9.44603390078,8.83555491526,1.04139096234,33.6680418088,4.06909430205,33.6680418088,6.82935217394,4.06909430205,8.27408737906,0,,10,5,0.0998987469915
WALLABY J132132-152931,NGC5044,2,74.7840442619,9.24163589014,9.41362807851,1.28253219981,41.6719193716,7.96603373435,41.6719193716,13.3697687404,7.96603373435,5.23120046454,1,0,12,6,0.103528676014
WALLABY J132136-203629,NGC5044,2,31.2885890533,8.30725853309,8.37510860591,1.35904188771,43.8613441047,5.81011472192,43.8613441047,9.75138855519,5.81011472192,7.54913563742,1,,16,8,0.107279260703
WALLABY J132145-154135,NGC5044,2,74.0270945425,8.52367010451,9.31504304483,1.13134905465,35.8655268149,5.51241825691,35.8655268149,9.2517505892,5.51241825691,6.50631449636,1,0,10,5,0.108806665562
WALLABY J132157-165559,NGC5044,2,89.3953418193,10.5424780381,8.82818954949,0.855878492529,31.683977029,6.61444940383,31.683977029,11.1013412475,6.61444940383,4.79011556286,0,,8,4,0.109911292666
WALLABY J132208-164023,NGC5044,2,72.1578001831,9.12522844689,8.86461534722,1.65609139725,58.5776100749,0.851640837146,58.5776100749,1.4293488356,0.851640837146,68.782058727,0,0,16,8,0.109373553666
WALLABY J132211-160558,NGC5044,2,108.072730123,10.9018175045,9.48998721912,2.21513411551,65.2650304107,6.30571762935,65.2650304107,10.5831822031,6.30571762935,10.3501352656,1,0,18,9,0.104531528006
WALLABY J132219-164225,NGC5044,2,98.2525859897,10.4767739579,9.96293571331,1.95947932007,57.4259077263,12.8423151505,57.4259077263,21.5538609778,12.8423151505,4.47161645335,0,,22,11,0.0953921585952
WALLABY J132229-214334,NGC5044,2,23.4695919898,9.03438989494,7.92930130569,0.98026586756,28.704576425,10.1798042128,28.704576425,17.0852437595,10.1798042128,2.81975721979,1,0,8,4,0.107699984709
WALLABY J132259-204701,NGC5044,2,103.349621755,10.0641882411,9.53201590439,1.35222772324,45.8304146765,10.0027847638,45.8304146765,16.7881437002,10.0027847638,4.58176555414,1,,12,6,0.0927972634818
WALLABY J132313-152804,NGC5044,2,95.362846122,8.42170792963,9.33402213599,1.44474278148,45.9495534377,2.55521041055,45.9495534377,4.2885297014,2.55521041055,17.9826887242,1,,14,7,0.103628630743
WALLABY J132329-163056,NGC5044,2,73.7588385492,9.24011807227,9.23930393622,1.36901273224,44.6141741674,4.67412788614,44.6141741674,7.84480846866,4.67412788614,9.54491944898,1,0,12,6,0.117093312559
WALLABY J132329-232337,NGC5044,2,22.6188388358,7.83463214147,8.12075096117,1.38306627904,43.7024614442,9.57177151402,43.7024614442,16.0647539097,9.57177151402,4.56576521704,0,0,12,6,0.105971051335
WALLABY J132331-235339,NGC5044,2,179.435780925,11.0457239965,10.2721324598,1.43417447719,41.3297542246,4.32746400945,41.3297542246,7.26298619467,4.32746400945,9.55057145116,0,0,14,7,0.0989842453797
WALLABY J132358-151422,NGC5044,2,204.776977935,10.2707097438,10.0550638674,1.64037593445,52.3193744332,3.18950080522,52.3193744332,5.35308907609,3.18950080522,16.4036247765,0,,14,7,0.106005288057
WALLABY J132359-235510,NGC5044,2,267.941630427,10.3790983148,9.94911252767,1.41677674833,44.617896949,0.394557749628,44.617896949,0.662204811477,0.394557749628,113.083311609,1,,10,5,0.11780360923
WALLABY J132415-164212,NGC5044,2,21.3470537418,8.82992100164,8.57469769084,1.95888866491,65.8579378125,10.6075742631,65.8579378125,17.8031903358,10.6075742631,6.20857664337,1,0,16,8,0.100743781993
WALLABY J132415-232043,NGC5044,2,68.1734647537,9.9806415608,9.50738356159,2.20805996118,68.3322810547,10.1609696443,68.3322810547,17.0536328181,10.1609696443,6.72497639959,0,,28,14,0.102350929455
WALLABY J132422-162744,NGC5044,2,312.292202989,8.22354027142,9.84653179954,1.06399955306,34.2720528611,0.518405106345,34.2720528611,0.870063649843,0.518405106345,66.1105618784,1,,8,4,0.123152808338
WALLABY J132531-212650,NGC5044,2,69.6294663138,8.7133849083,9.08539692393,1.13668153734,37.6198309007,7.02290413175,37.6198309007,11.7868700107,7.02290413175,5.35673422205,1,,10,5,0.105519930984
WALLABY J132531-220703,NGC5044,2,132.79599629,8.9903533794,9.57605935425,1.25438397331,44.8683950418,3.11969072044,44.8683950418,5.23592353043,3.11969072044,14.3823215384,0,0,10,5,0.111827359861
WALLABY J132532-161724,NGC5044,2,96.7329996515,7.93458103166,8.93505269039,1.80585625121,54.9482863792,0.244095300214,54.9482863792,0.409676612392,0.244095300214,225.109972748,1,,14,7,0.104796513861
WALLABY J132536-213356,NGC5044,2,127.06660022,9.2081919498,9.74473614944,2.01835724519,62.7721345856,6.49111028408,62.7721345856,10.8943354071,6.49111028408,9.67047728946,0,0,20,10,0.104120955176
WALLABY J132538-163436,NGC5044,2,97.7052537982,8.79521709998,9.11602856136,1.11182679716,35.9654550337,4.06236165978,35.9654550337,6.81805246406,4.06236165978,8.85333656767,1,,10,5,0.101087274252
WALLABY J132542-164457,NGC5044,2,77.2310214611,9.72165906185,9.53390034295,2.26005308067,70.8680118849,5.56016524211,70.8680118849,9.33188659808,5.56016524211,12.7456665043,0,,28,14,0.101191053719
WALLABY J132551-162706,NGC5044,2,96.321238315,8.47271229084,9.15370946159,1.04331924521,34.2409300908,1.73804230902,34.2409300908,2.91703807786,1.73804230902,19.7008610855,0,,10,5,0.105321294267
WALLABY J132552-241252,NGC5044,2,177.673084369,9.0857756903,9.81435644574,1.43316197768,45.2962671087,1.97188488778,45.2962671087,3.30950706607,1.97188488778,22.971050384,0,,12,6,0.104431454086
WALLABY J132558-233802,NGC5044,2,194.180218502,10.1861386615,10.1159370596,1.65200421165,52.3018943931,4.32491482844,52.3018943931,7.25870778438,4.32491482844,12.0931617079,0,0,16,8,0.112212024263
WALLABY J132558-242128,NGC5044,2,177.757876426,8.50333832733,9.68792042841,1.61242427307,46.1971365326,1.92966318469,46.1971365326,3.23864439777,1.92966318469,23.9405181688,0,,12,6,0.106495790551
WALLABY J132607-171123,NGC5044,2,231.711060427,10.5099617192,10.0191426148,1.21533261306,42.0554998142,3.75562969292,42.0554998142,6.30324979073,3.75562969292,11.1979889533,1,,10,5,0.0927115974429
WALLABY J132612-162649,NGC5044,2,345.116710878,10.5009090001,10.1705637843,1.0873630867,37.2377251671,2.21450076187,37.2377251671,3.71670068808,2.21450076187,16.8154040894,0,0,12,6,0.111836340056
WALLABY J132620-223750,NGC5044,2,129.887209283,11.099699801,9.85576631082,1.76194380207,57.3647732267,10.3051582596,57.3647732267,17.2956313466,10.3051582596,5.56660769119,0,0,14,7,0.104829104315
WALLABY J132621-155739,NGC5044,2,295.545128731,9.68866015668,9.81391262354,1.15316470222,40.6502000657,2.49279594221,40.6502000657,4.18377656633,2.49279594221,16.3070708586,0,,10,5,0.109212926043
WALLABY J132625-215123,NGC5044,2,127.624546645,9.89049334352,9.53189658294,0.989438232501,32.9633450529,3.56356275909,32.9633450529,5.98089483046,3.56356275909,9.25010930952,0,,8,4,0.101068391485
WALLABY J132634-222458,NGC5044,2,103.056752551,9.10812993722,9.35202137211,1.14484387006,38.015932978,5.5115805313,38.015932978,9.25034459495,5.5115805313,6.89746484917,1,0,8,4,0.10537677071
WALLABY J132635-221419,NGC5044,2,20.3697131824,8.60167448638,9.00700343362,2.86775564195,89.5386158353,20.9750548367,89.5386158353,35.2034201506,20.9750548367,4.26881438606,0,0,30,15,0.0957112286664
WALLABY J132648-250524,NGC5044,2,159.943208866,10.7890822776,9.67061515896,0.959279380926,32.6427488922,4.77301348452,32.6427488922,8.01077281505,4.77301348452,6.83902297743,0,,8,4,0.109694909572
WALLABY J132746-161514,NGC5044,2,99.9974080452,9.52350825178,9.30101027249,3.28744609436,91.9710135998,0.528700739404,91.9710135998,0.887343294598,0.528700739404,173.956657794,1,,32,16,0.111582076637
WALLABY J132747-155109,NGC5044,2,77.6459517496,7.83199862518,8.77996010678,1.13723126161,36.3847303549,0.343230057565,36.3847303549,0.576059133997,0.343230057565,106.006829976,1,0,8,4,0.119931144966
WALLABY J132749-240921,NGC5044,2,133.901892756,8.51987483151,9.46641403196,1.04892579712,33.6338861532,2.49556437894,33.6338861532,4.18842296379,2.49556437894,13.4774668356,0,,8,4,0.119993689032
WALLABY J132751-240335,NGC5044,2,133.864600823,9.1955963895,9.5651294514,1.37729308047,45.89123536,1.81335091635,45.89123536,3.04343205231,1.81335091635,25.3074211649,0,,12,6,0.104616850496
WALLABY J132807-162439,NGC5044,2,26.2689382778,8.45757682249,7.94548398645,1.2110495402,38.5979478244,3.1636063162,38.5979478244,5.3096291384,3.1636063162,12.2006166275,0,0,8,4,0.116788993999
WALLABY J132811-240540,NGC5044,2,161.777170578,9.95507183954,10.0705022847,1.27007977312,39.7106520343,6.12517304667,39.7106520343,10.2801657462,6.12517304667,6.4831885943,0,0,12,6,0.1131098744
WALLABY J132812-245827,NGC5044,2,197.765776683,10.8824492311,10.1556091935,1.70055143735,52.9172859066,4.53265654304,52.9172859066,7.60737046578,4.53265654304,11.6746736498,0,0,18,9,0.109566042074
WALLABY J132859-234535,NGC5044,2,134.703771933,9.6219602586,9.26312550358,1.52014921027,51.6402991494,4.74710041764,51.6402991494,7.96728169725,4.74710041764,10.8782824474,1,0,16,8,0.114451434394
WALLABY J132911-224640,NGC5044,2,127.497170113,9.07400506105,9.77522260114,1.52436875199,53.8847369145,4.61246743735,53.8847369145,7.74132084002,4.61246743735,11.6824102601,1,0,16,8,0.0975010953973
WALLABY J132919-162832,NGC5044,2,84.3055872088,8.84168610674,9.112646985,1.32473295132,43.8853016249,7.21889143359,43.8853016249,12.1158047088,7.21889143359,6.07923003534,0,,10,5,0.107047575544
WALLABY J132947-170153,NGC5044,2,226.404621979,10.6691910098,9.97198797983,1.81156974904,60.6180559391,2.14145149675,60.6180559391,3.59409867383,2.14145149675,28.3069945928,1,,22,11,0.111643722648
WALLABY J133019-220858,NGC5044,2,78.3928333354,9.75268571267,9.57712064161,2.01838403201,69.673503286,6.79341002648,69.673503286,11.4016992699,6.79341002648,10.2560426964,0,,18,9,0.0957026890409
WALLABY J133020-221958,NGC5044,2,78.8771142692,9.16212216625,9.21990055312,2.24149299913,77.8540909401,2.38243218906,77.8540909401,3.99854789343,2.38243218906,32.6784079301,1,,20,10,0.101033963065
WALLABY J133031-231420,NGC5044,2,132.635662721,10.2295329124,9.75503998227,1.88377577919,63.3296040366,5.56076925108,63.3296040366,9.33290033472,5.56076925108,11.3886408835,0,,18,9,0.103110451725
WALLABY J133039-241626,NGC5044,2,109.787918533,8.69261973828,9.11101142974,1.12185008274,34.0900904401,2.25606911665,34.0900904401,3.78646681119,2.25606911665,15.1103927573,1,,10,5,0.110013904155
WALLABY J133041-233009,NGC5044,2,184.384083433,10.9264798263,10.4292145075,2.12744460212,69.3905433088,5.16656929909,69.3905433088,8.67129603183,5.16656929909,13.4306808429,0,0,22,11,0.100749590681
WALLABY J133048-251954,NGC5044,2,113.610339478,10.5292666606,9.85308662803,1.5287209522,51.2397449227,7.39204009776,51.2397449227,12.4064082482,7.39204009776,6.9317460735,0,,12,6,0.101130811743
WALLABY J133059-160809,NGC5044,2,234.610760925,10.1535040589,9.83962365582,1.29939085156,40.9823789797,4.06609528687,40.9823789797,6.82431878584,4.06609528687,10.0790503144,0,0,10,5,0.113038130118
WALLABY J133108-164842,NGC5044,2,103.738428885,9.72401317646,9.08925747843,1.08073325626,34.8019406328,0.597639223818,34.8019406328,1.00304599241,0.597639223818,58.2323569904,1,,10,5,0.111736787175
WALLABY J133113-220341,NGC5044,2,132.370715314,10.0237742285,9.87381799916,1.49113961905,44.1335209026,4.69818890247,44.1335209026,7.88519120299,4.69818890247,9.39373060954,1,,16,8,0.101793086953
WALLABY J133115-250859,NGC5044,2,113.857725752,10.0927970878,10.1994055418,2.64688866066,83.2762879201,5.37259864034,83.2762879201,9.01708475659,5.37259864034,15.5001878039,1,,20,10,0.0966332908042
WALLABY J133134-240142,NGC5044,2,110.234744858,8.85996886146,9.39328964099,1.36550066055,42.2285344759,5.32801990818,42.2285344759,8.94226617564,5.32801990818,7.9257463755,0,,12,6,0.104333262034
WALLABY J133138-232047,NGC5044,2,107.282280771,9.54212743483,10.049071008,1.66290100029,52.1274350094,9.05093818555,52.1274350094,15.1906148605,9.05093818555,5.75934051706,0,0,16,8,0.101401437693
WALLABY J133141-173508,NGC5044,2,103.56066844,6.356863045,9.16272651755,0.994139829653,33.1861528817,0.415076895635,33.1861528817,0.696643058415,0.415076895635,79.9518191223,0,,8,4,0.112536216573
WALLABY J133141-231608,NGC5044,2,131.414349269,8.63907140949,9.33285308537,1.18118164334,34.6471480165,3.38308372937,34.6471480165,5.67798839417,3.38308372937,10.2412919064,0,,10,5,0.0965545914447
WALLABY J133151-173014,NGC5044,2,199.078138062,9.29948269062,9.81587364601,2.02718342297,63.7252010188,3.03401222,63.7252010188,5.0921252771,3.03401222,21.0036072363,0,0,16,8,0.112694347153
WALLABY J133152-235603,NGC5044,2,106.672778573,9.23671348854,9.21188085713,1.3400772806,40.4227943966,2.03647513831,40.4227943966,3.41791191863,2.03647513831,19.8493925293,0,,10,5,0.110956946724
WALLABY J133207-220728,NGC5044,2,135.895689417,10.4638316451,9.32745001559,0.880746870026,28.6692520621,8.36440870698,28.6692520621,14.0383801766,8.36440870698,3.42752883874,1,0,8,4,0.128260458901
WALLABY J133210-252901,NGC5044,2,145.560409685,9.55750366537,10.1372878031,1.54739452581,46.457465712,4.11595224676,46.457465712,6.9079960644,4.11595224676,11.2871731562,1,,12,6,0.097582517682
WALLABY J133217-231924,NGC5044,2,190.907409796,9.74680934198,9.91482624165,1.19120699948,39.6889362278,3.39908806744,39.6889362278,5.70484922679,3.39908806744,11.6763483147,0,0,10,5,0.106141885113
WALLABY J133242-233015,NGC5044,2,144.683300648,10.8498144448,9.3883473339,0.928443260754,32.5096163537,4.3025178627,32.5096163537,7.22111790435,4.3025178627,7.55595151284,0,,8,4,0.119568203921
WALLABY J133245-241711,NGC5044,2,199.661069476,10.7830719414,10.1939082342,1.31930719672,40.6596076057,4.4114059861,40.6596076057,7.40386995852,4.4114059861,9.21692715061,0,0,14,7,0.102537732292
WALLABY J133247-222656,NGC5044,2,101.197309727,9.74362268834,9.66709281355,1.25415017858,40.5474860468,3.97043649687,40.5474860468,6.66377014358,3.97043649687,10.2123497199,0,0,12,6,0.0977801505614
WALLABY J133253-241226,NGC5044,2,69.5426374862,10.8762236858,9.63309397399,1.75847375242,58.9862620375,6.93628637085,58.9862620375,11.6414953524,6.93628637085,8.50401192853,0,0,16,8,0.0973668713047
WALLABY J133255-154459,NGC5044,2,235.173023754,9.8543091191,9.67593467593,1.41289917684,39.9917025629,2.44260266606,39.9917025629,4.09953483239,2.44260266606,16.3725779549,0,0,16,8,0.118712019774
WALLABY J133300-224718,NGC5044,2,179.903519319,8.96409318335,9.58971881844,0.98635133797,35.8314009761,3.21288178868,35.8314009761,5.39233047932,3.21288178868,11.1524180884,0,0,8,4,0.122234840801
WALLABY J133301-161437,NGC5044,2,103.659295235,10.6737031458,9.58723614964,1.46619215009,44.0093040652,2.95844640281,44.0093040652,4.96529961528,2.95844640281,14.8758159091,0,0,16,8,0.101771775495
WALLABY J133308-233234,NGC5044,2,146.65021956,10.6229748581,10.0472299573,1.34974996831,42.6702340925,4.92587552024,42.6702340925,8.26732835259,4.92587552024,8.66246699032,0,,14,7,0.104737617639
WALLABY J133321-231451,NGC5044,2,184.836403773,9.57983636603,10.0474805584,1.24690630816,39.8123491158,3.76128602689,39.8123491158,6.31274308183,3.76128602689,10.5847704299,0,0,10,5,0.100570478634
WALLABY J133351-224126,NGC5044,2,189.62428619,10.5950522608,9.76051878416,1.061003034,33.2149067339,4.71690153957,33.2149067339,7.91659750114,4.71690153957,7.04167904614,1,0,10,5,0.123985027593
WALLABY J133413-225449,NGC5044,2,184.425848017,10.1697854478,9.8781666887,1.19222584029,40.4220051788,1.75092378371,40.4220051788,2.93865766213,1.75092378371,23.0861020651,0,0,14,7,0.110338252443
WALLABY J133422-234348,NGC5044,2,145.812187253,9.45059090984,9.54836435407,1.12567653087,39.6658154771,5.19693670748,39.6658154771,8.72226308031,5.19693670748,7.63253772554,1,,10,5,0.116880751906
WALLABY J133424-141834,NGC5044,2,94.9210327123,8.19407537867,9.13474052477,1.33572922326,43.3889019048,4.58612854247,43.3889019048,7.69711503508,4.58612854247,9.46089964618,0,,10,5,0.116933825478
WALLABY J133437-211108,NGC5044,2,223.642946581,9.56774166689,9.76328633295,1.28366550583,41.6200570537,1.5136756456,41.6200570537,2.54047296366,1.5136756456,27.4960208118,1,0,12,6,0.120671075027
WALLABY J133440-234722,NGC5044,2,111.422697807,10.5531263548,10.0220378278,2.43899942304,77.9777433107,5.51260251391,77.9777433107,9.25205983638,5.51260251391,14.1453593133,0,0,18,9,0.0993448257999
WALLABY J133452-175929,NGC5044,2,294.535325439,10.0951845614,10.0539599541,1.11918967964,34.4323107795,3.34934532863,34.4323107795,5.62136365083,3.34934532863,10.2803107477,0,,10,5,0.10023045608
WALLABY J133506-233309,NGC5044,2,147.422886504,9.31554446695,9.29479804003,1.15915759188,31.6580609546,2.4276474783,31.6580609546,4.07443483802,2.4276474783,13.0406334682,1,0,12,6,0.115269439801
WALLABY J133522-223319,NGC5044,2,183.712257385,9.90440708466,9.57294305159,1.12749986667,38.1789115412,2.82657040367,38.1789115412,4.74396592907,2.82657040367,13.5071503938,1,0,8,4,0.130222009402
WALLABY J133522-232056,NGC5044,2,113.322043591,9.38066050115,9.50671920608,1.20393362969,40.273841434,6.74631640293,40.273841434,11.3226598286,6.74631640293,5.96975282934,1,,10,5,0.102288728306
WALLABY J133523-230609,NGC5044,2,113.122721017,9.3899865637,9.48537761548,1.26764803185,42.0615022962,3.09251477325,42.0615022962,5.19031286126,3.09251477325,13.601067539,1,0,12,6,0.109647177887
WALLABY J133540-251206,NGC5044,2,145.50869571,10.2351378213,10.0477669772,1.45400605369,49.9050949389,4.43849330902,49.9050949389,7.4493318854,4.43849330902,11.2437017394,0,0,14,7,0.109995443166
WALLABY J133543-174712,NGC5044,2,209.318337995,9.75453820999,9.97452723904,1.19063763109,34.7132745393,3.97352346655,34.7132745393,6.66895114985,3.97352346655,8.73614433928,1,0,10,5,0.108693208187
WALLABY J133545-231543,NGC5044,2,75.1498429196,10.0017653192,9.43069311281,1.60202670393,53.5711570305,5.0951339975,53.5711570305,8.55140280843,5.0951339975,10.5141802074,1,0,16,8,0.103664254347
WALLABY J133556-241859,NGC5044,2,277.413647703,10.1145073584,10.1258021164,1.62850783789,56.7395449522,3.05158278849,56.7395449522,5.12161478785,3.05158278849,18.5934804608,1,,14,7,0.104969911775
WALLABY J133600-205437,NGC5044,2,194.609463672,10.2810529943,10.3870759475,1.61285273374,51.7920371479,11.2259729818,51.7920371479,18.841077964,11.2259729818,4.61359004088,0,,18,9,0.0902839694263
WALLABY J133607-222504,NGC5044,2,126.594857983,10.0092788856,9.57522575504,1.22440424325,42.0904149018,6.43757683686,42.0904149018,10.8044877071,6.43757683686,6.53823883869,1,,14,7,0.105585386785
WALLABY J133611-234050,NGC5044,2,166.185920057,10.4114787622,10.1179693549,1.74366226127,54.4793400736,4.68435579828,54.4793400736,7.86197445422,4.68435579828,11.6300602302,1,0,16,8,0.0978930297487
WALLABY J133624-165744,NGC5044,2,181.741524204,9.98866452622,9.49076517476,1.00239851846,33.6039974174,1.45515489577,33.6039974174,2.44225483933,1.45515489577,23.0930724386,0,,10,5,0.106406914245
WALLABY J133627-171544,NGC5044,2,169.407601743,10.9148543627,9.56168234391,1.08201837917,35.7929372471,6.28440417945,35.7929372471,10.5474108386,6.28440417945,5.6955180197,1,,10,5,0.103675868631
WALLABY J133627-224910,NGC5044,2,100.698194641,8.96822168904,9.40626146923,1.56859956957,51.9043455522,4.80395815595,51.9043455522,8.0627087112,4.80395815595,10.8044957652,1,,16,8,0.102132533177
WALLABY J133629-163858,NGC5044,2,204.515665558,10.7357044509,9.92218414836,1.05679940706,29.9591009878,10.4414572825,29.9591009878,17.5243884016,10.4414572825,2.86924518073,1,0,10,5,0.104856644434
WALLABY J133643-201220,NGC5044,2,197.228731669,8.87407659521,9.7290801512,1.14579085859,38.738893468,2.69707274749,38.738893468,4.52662392761,2.69707274749,14.3633105574,0,0,8,4,0.117002692921
WALLABY J133702-205515,NGC5044,2,110.197052379,9.6947147333,9.55430675602,1.24418306714,39.3699030762,5.86844152027,39.3699030762,9.84928116164,5.86844152027,6.708749323,1,0,10,5,0.103546251804
WALLABY J133708-203705,NGC5044,2,320.835702409,10.1085183464,9.9304585583,1.37434811374,47.5760698594,1.7371890893,47.5760698594,2.91560607911,1.7371890893,27.3868113451,1,,12,6,0.0958174825893
WALLABY J133725-155412,NGC5044,2,210.530480539,9.97237087341,9.61483813639,0.994155181171,33.5162706432,2.8848383934,33.5162706432,4.84175983425,2.8848383934,11.6180756329,0,,8,4,0.117633502445
WALLABY J133727-223204,NGC5044,2,130.258035399,10.223153035,10.0289746721,3.24461990034,101.558656827,3.01312825319,101.558656827,5.05707473427,3.01312825319,33.7053879864,0,0,28,14,0.101862261501
WALLABY J133735-163755,NGC5044,2,203.980045847,11.1752000038,10.1586183956,1.61037866216,48.8738874032,6.15276877766,48.8738874032,10.3264809582,6.15276877766,7.94339738245,0,,24,12,0.102220203295
WALLABY J133739-213902,NGC5044,2,180.079405777,9.58017655609,9.73040456093,1.29918172428,39.9951276209,3.48750173239,39.9951276209,5.85323803524,3.48750173239,11.4681312555,0,0,12,6,0.110443745047
WALLABY J133756-240727,NGC5044,2,130.466830802,10.8293597717,9.94987796225,2.07641108782,63.9832895896,9.00312864802,63.9832895896,15.1103738671,9.00312864802,7.10678388492,0,0,14,7,0.102759504298
WALLABY J133801-225524,NGC5044,2,99.552004961,10.5868045219,9.97835359217,2.85476688229,91.8544739497,6.9137772449,91.8544739497,11.6037172286,6.9137772449,13.2857149856,1,,26,13,0.098803702098
WALLABY J133809-241011,NGC5044,2,98.2579263026,8.53714811607,9.21464071425,0.988081023199,29.2143333651,3.33517311529,29.2143333651,5.59757775923,3.33517311529,8.75946535765,1,0,8,4,0.105946188942
WALLABY J133818-233325,NGC5044,2,165.468342962,9.49446795855,9.68740851901,1.18392521186,35.6858274955,2.68111590729,35.6858274955,4.49984281289,2.68111590729,13.3100651853,0,,12,6,0.0988440242128
WALLABY J133819-203750,NGC5044,2,227.332468323,9.89324577839,10.0285300887,1.32188598003,43.511225081,1.83894679914,43.511225081,3.08639082513,1.83894679914,23.6609482674,0,,12,6,0.10533749184
WALLABY J133841-202243,NGC5044,2,183.917523193,9.39508574859,10.0849043627,1.50977234539,48.7049958694,6.33406237925,48.7049958694,10.6307545288,6.33406237925,7.68937736214,0,,16,8,0.110137248415
WALLABY J133845-243304,NGC5044,2,239.963157945,10.4091273107,9.96993851383,1.59465520734,51.5365456921,4.95447558373,51.5365456921,8.31532918306,4.95447558373,10.4020183007,0,,14,7,0.0976174341542
WALLABY J133902-204211,NGC5044,2,326.78967493,10.604659491,10.0809063664,1.26254992482,43.2653518281,4.39073773632,43.2653518281,7.3691814637,4.39073773632,9.85377729813,1,,12,6,0.104848421212
WALLABY J133904-240956,NGC5044,2,134.545798247,9.93546812935,9.90527577249,1.55830397582,53.666298584,8.81557776124,53.666298584,14.7955984008,8.81557776124,6.08766663257,0,0,16,8,0.104457489805
WALLABY J133933-145203,NGC5044,2,155.940291117,9.32801395007,9.54400975714,0.941105274546,33.9615711101,4.39348093715,33.9615711101,7.37378550657,4.39348093715,7.72999168448,0,0,8,4,0.102413623232
WALLABY J133933-222957,NGC5044,2,99.971028651,10.3760501881,9.90128366511,2.12162555836,69.4034372388,7.45291731759,69.4034372388,12.5085813468,7.45291731759,9.31225106644,1,0,22,11,0.101418760564
WALLABY J133939-234522,NGC5044,2,167.497803677,11.0054853416,9.7448745961,1.22560742397,38.9297956588,3.36242231809,38.9297956588,5.64331137673,3.36242231809,11.5779018743,0,0,10,5,0.109804484274
WALLABY J133942-250143,NGC5044,2,185.300000789,9.75639069491,10.1044101436,1.65396536176,52.7015756497,3.98954629772,52.7015756497,6.69584302031,3.98954629772,13.2099170474,1,0,14,7,0.108136357439
WALLABY J134002-252831,NGC5044,2,73.4755581162,10.0659676587,9.9796863039,2.03544479644,67.194047901,12.9390920572,67.194047901,21.7162862077,12.9390920572,5.19310378226,1,,24,12,0.09311608166
WALLABY J134004-235850,NGC5044,2,281.738378547,9.71724225207,10.1978669948,1.38096013987,43.0089706159,2.21228468737,43.0089706159,3.71298134612,2.21228468737,19.4409746907,0,,14,7,0.113632759985
WALLABY J134015-153211,NGC5044,2,166.079658935,9.53935326612,9.51128008382,1.11594353517,33.2772382771,2.0021862394,33.2772382771,3.36036324836,2.0021862394,16.6204509961,0,,10,5,0.115141500801
WALLABY J134018-211518,NGC5044,2,181.212207701,10.4430390606,9.94557581705,1.3417790107,43.6277957385,2.30171990791,43.6277957385,3.86308467931,2.30171990791,18.9544329823,1,,16,8,0.103633629031
WALLABY J134019-235122,NGC5044,2,92.9921364893,10.8820349296,10.0688059378,2.27665539393,68.8582843961,13.7984674946,68.8582843961,23.1586163864,13.7984674946,4.99028493005,1,,20,10,0.0937822172321
WALLABY J134024-233429,NGC5044,2,160.549832237,8.76302718516,9.46797850631,1.06890179499,35.3089854132,3.7436150431,35.3089854132,6.28308503937,3.7436150431,9.43178852704,1,,8,4,0.109091593939
WALLABY J134045-211913,NGC5044,2,138.705959088,9.20091064805,9.5750246238,1.37866484836,50.6850679505,2.82841281541,50.6850679505,4.74705813527,2.82841281541,17.9199682855,1,0,12,6,0.100762392137
WALLABY J134056-233626,NGC5044,2,160.440272883,10.1353183983,9.84273878181,1.31722242702,41.0276240353,3.92731918038,41.0276240353,6.59140432522,3.92731918038,10.4467251453,0,,14,7,0.102165464803
WALLABY J134115-145751,NGC5044,2,233.838575594,9.59791049268,10.093365553,1.56291882116,46.2214251699,3.15744497086,46.2214251699,5.29928826299,3.15744497086,14.6388695912,1,,18,9,0.116107626053
WALLABY J134128-192219,NGC5044,2,110.482206879,10.0656935505,9.90118056066,1.49630351049,45.7660243018,8.9824158273,45.7660243018,15.0756105668,8.9824158273,5.09506854077,1,,14,7,0.0976922876228
WALLABY J134143-183508,NGC5044,2,211.675676362,10.5690526913,9.83836254026,1.25597728521,39.1808948698,9.66139681997,39.1808948698,16.2151762721,9.66139681997,4.05540685264,0,0,10,5,0.114390806859
WALLABY J134145-191825,NGC5044,2,232.634890908,10.5255723335,10.1343227189,1.45827210335,48.7353607958,1.83538953528,48.7353607958,3.08042050205,1.83538953528,26.5531430026,1,0,12,6,0.102206412501
WALLABY J134150-175703,NGC5044,2,238.36226341,10.3617583136,9.74373340742,0.843323353155,23.5493222815,2.81163744976,23.5493222815,4.71890325082,2.81163744976,8.37566105241,1,,8,4,0.110672393313
WALLABY J134201-221411,NGC5044,2,211.444980683,9.61586905959,9.90698047131,1.14033005417,38.7972120581,4.29926681933,38.7972120581,7.21566152551,4.29926681933,9.02414613664,0,0,8,4,0.117908253367
WALLABY J134219-211125,NGC5044,2,235.172198588,9.2156117995,9.87075582453,1.27609171368,38.9127108434,3.17381662582,38.9127108434,5.32676558081,3.17381662582,12.2605416226,0,0,10,5,0.110506156
WALLABY J134221-150432,NGC5044,2,290.615845339,10.3558983912,10.0905229208,1.24029793238,38.5721853768,2.73870506607,38.5721853768,4.59649740417,2.73870506607,14.0840961134,0,0,12,6,0.111572531159
WALLABY J134241-233218,NGC5044,2,100.411161768,8.66139777606,9.35805947463,1.24989399514,39.1881451253,3.10505490107,39.1881451253,5.21135954704,3.10505490107,12.6207575627,0,0,12,6,0.120024833347
WALLABY J134250-184550,NGC5044,2,137.856835023,8.83592009876,9.44634451407,1.12216946039,39.038855675,3.66250655935,39.038855675,6.14695685981,3.66250655935,10.659054132,0,0,10,5,0.115495272897
WALLABY J134259-182447,NGC5044,2,217.519884515,9.22596814725,9.41354021421,1.35588450518,45.9646183895,3.48910695447,45.9646183895,5.85593215489,3.48910695447,13.1737487527,1,0,10,5,0.116681510556
WALLABY J134306-193556,NGC5044,2,146.9250158,9.54535166713,9.70860236846,1.32418815135,40.9962155077,5.04160585676,40.9962155077,8.46156401454,5.04160585676,8.13157884066,0,0,10,5,0.106154068384
WALLABY J134437-235646,NGC5044,2,95.9754517777,9.31528987941,9.26504996814,1.25523013699,39.8375583604,4.92913856815,39.8375583604,8.27280487922,4.92913856815,8.08205283939,0,0,10,5,0.118197101183
WALLABY J134447-230014,NGC5044,2,84.5320455166,9.03743799766,9.14922261249,1.32005871392,45.5259443128,1.87933369891,45.5259443128,3.1541740568,1.87933369891,24.2245133683,1,0,12,6,0.113607923045
WALLABY J134514-151038,NGC5044,2,126.109142045,8.92000098969,9.69160031695,1.2234200864,40.235382954,4.47014488642,40.235382954,7.50245421506,4.47014488642,9.00091249307,1,0,10,5,0.100380394495
WALLABY J134533-145830,NGC5044,2,167.826217128,10.7912256355,10.4576682187,2.05580748021,65.2756256228,9.97357722926,65.2756256228,16.7391233224,9.97357722926,6.54485588494,1,0,18,9,0.0996581157761
WALLABY J134737-201752,NGC5044,2,235.254638611,8.76672585527,10.2580166444,1.13022743911,38.2573355379,1.72089415697,38.2573355379,2.8882575285,1.72089415697,22.2310799202,0,0,8,4,0.108277277536
