galaxy_id,field_id,log10_gbar,gbar,gobs,proxy_value,delta_ref,primary_resolution,crossfit_ok,stratum,rad_arcsec,vrot_kms,gstar,log10_gstar,ggas,gravity_step_relative_change
WALLABY J124947+035042,NGC4808,-11.258863294,5.50981105411e-12,1.58693646683e-11,10.296260841,-0.249048537454,True,True,middle,7.5,13.3,4.7408634709e-12,-11.3241425515,7.68947583207e-13,1.90485512565e-07
WALLABY J124947+035042,NGC4808,-11.3123129668,4.8717728773e-12,8.02169457619e-12,10.296260841,-0.515894474934,True,True,middle,22.56,16.4,2.51403126236e-12,-11.5996293261,2.35774161494e-12,5.71102778188e-06
WALLABY J124947+035042,NGC4808,-11.3771795983,4.19585432548e-12,4.69509319504e-12,10.296260841,-0.712988801365,True,True,middle,37.61,16.2,1.12814430082e-12,-11.9476353462,3.06771002465e-12,3.23280865805e-07
WALLABY J124947+035042,NGC4808,-11.4903066483,3.2336525331e-12,3.1088759977e-12,10.296260841,-0.830577039799,True,True,middle,52.67,15.6,5.63058727143e-13,-12.2494463058,2.67059380596e-12,1.21352568128e-06
WALLABY J124947+035042,NGC4808,-11.598510605,2.52051563046e-12,2.17632626256e-12,10.296260841,-0.927222730052,True,True,middle,67.72,14.8,3.23393826946e-13,-12.4902682743,2.19712180352e-12,6.30387123464e-07
WALLABY J124947+035042,NGC4808,-11.6859058501,2.06107668184e-12,1.5479262754e-12,10.296260841,-1.02850915012,True,True,middle,82.78,13.8,2.08436785619e-13,-12.6810256329,1.85263989622e-12,2.16014584166e-06
WALLABY J124947+035042,NGC4808,-11.7785293441,1.6652163098e-12,1.07453632995e-12,10.296260841,-1.13786307578,True,True,middle,97.84,12.5,1.4588468155e-13,-12.8359903083,1.51933162825e-12,1.65426848886e-06
WALLABY J125451+023900,NGC4808,-11.0226092717,9.49272125318e-12,1.53739162766e-10,5.45694417567,0.604888955967,True,True,low,7.5,47.9,6.75758682468e-12,-11.1702083656,2.7351344285e-12,5.0426812204e-07
WALLABY J125451+023900,NGC4808,-10.8829030099,1.30947433257e-11,9.73281731803e-11,5.45694417567,0.326219801445,True,True,low,22.56,66.1,6.16894413152e-12,-11.2097891629,6.92579919418e-12,9.76155957762e-07
WALLABY J125451+023900,NGC4808,-10.895336222,1.27251754221e-11,7.51612408931e-11,5.45694417567,0.22117031881,True,True,low,37.61,75,4.09308505384e-12,-11.3879492307,8.63209036824e-12,2.24523622806e-06
WALLABY J125451+023900,NGC4808,-11.0130552509,9.70386506933e-12,5.81987286521e-11,5.45694417567,0.177587332541,True,True,low,52.67,78.1,2.5927476768e-12,-11.5862397462,7.11111739254e-12,4.3675329296e-07
WALLABY J125451+023900,NGC4808,-11.0663063032,8.58407882238e-12,4.67841564905e-11,5.45694417567,0.112955505842,True,True,low,67.72,79.4,1.6663186314e-12,-11.7782419497,6.91776019098e-12,6.24985854067e-07
WALLABY J125451+023900,NGC4808,-11.1071411139,7.81373874129e-12,3.71246896919e-11,5.45694417567,0.0355275314019,True,True,low,82.78,78.2,1.11098796071e-12,-11.9542906473,6.70275078059e-12,5.18265059106e-06
WALLABY J125515+081543,NGC4808,-10.0737897511,8.43743128417e-11,5.72516651694e-12,17.9577865535,-1.40990219415,True,True,high,7.5,44.3,8.43743128417e-11,-10.0737897511,0,1.94787885764e-06
WALLABY J125515+081543,NGC4808,-10.7242876366,1.88674133182e-11,2.78632914509e-12,17.9577865535,-1.31000134276,True,True,high,22.56,53.6,1.82364143224e-11,-10.7390605494,6.30998995711e-13,1.00417737698e-08
WALLABY J125515+081543,NGC4808,-11.1664690505,6.81602146564e-12,5.09708671702e-13,17.9577865535,-1.79358687376,True,True,high,37.61,29.6,5.98163663566e-12,-11.2231799724,8.34384829973e-13,6.53536558346e-07
WALLABY J125604+034843,NGC4808,-11.9563513612,1.10572884418e-12,8.82822725504e-11,5.85000003381,0.870425492417,True,True,low,7.5,29.6,1.10572884418e-12,-11.9563513612,0,1.4932483785e-06
WALLABY J125604+034843,NGC4808,-11.6821088078,2.07917570668e-12,6.13620398216e-11,5.85000003381,0.567617964662,True,True,low,22.56,42.8,1.06102825409e-12,-11.9742730511,1.0181474526e-12,5.93338538262e-07
WALLABY J125604+034843,NGC4808,-11.5666576084,2.71232915101e-12,5.64416564878e-11,5.85000003381,0.46956181626,True,True,low,37.61,53,7.33244097607e-13,-12.1347514243,1.97908505341e-12,3.41823993393e-07
WALLABY J125604+034843,NGC4808,-11.3866629267,4.10522602324e-12,5.25168630012e-11,5.85000003381,0.340841369699,True,True,low,52.67,60.5,4.795148922e-13,-12.3191979005,3.62571113104e-12,7.16361320531e-06
WALLABY J125604+034843,NGC4808,-11.4361751361,3.66289832732e-12,4.62813619524e-11,5.85000003381,0.312897440937,True,True,low,67.72,64.4,3.1522307586e-13,-12.5013819976,3.34767525146e-12,8.13753841986e-07
WALLABY J125604+034843,NGC4808,-11.4162468516,3.83489209503e-12,3.76266868971e-11,5.85000003381,0.212155169574,True,True,low,82.78,64.2,2.13121061149e-13,-12.6713736301,3.62177103388e-12,4.07560054726e-07
WALLABY J125604+034843,NGC4808,-11.4589201817,3.47600040409e-12,2.81779100655e-11,5.85000003381,0.109739963421,True,True,low,97.84,60.4,1.49639195147e-13,-12.8249546364,3.32636120894e-12,6.49678988634e-07
WALLABY J130148-114530,NGC5044,-10.6360708462,2.31168765503e-11,1.31634663643e-10,7.42905021,0.311534352801,True,True,low,7.5,111.9,2.15574459065e-11,-10.666402695,1.55943064382e-12,5.15210883212e-08
WALLABY J130148-114530,NGC5044,-10.855162739,1.39584521152e-11,5.05895791182e-11,7.42905021,0.0259408110814,True,True,low,22.48,120.1,1.18375929966e-11,-10.9267365961,2.1208591186e-12,2.94144063818e-06
WALLABY J130148-114530,NGC5044,-11.0727358112,8.45793199328e-12,3.92060390411e-11,7.42905021,0.0398400600676,True,True,low,37.47,136.5,5.4283432648e-12,-11.2653326973,3.02958872848e-12,3.32875232795e-06
WALLABY J130148-114530,NGC5044,-11.219651421,6.03043414362e-12,2.72747675069e-11,7.42905021,-0.0355554452756,True,True,low,52.45,134.7,2.73612728445e-12,-11.5628637031,3.29430685916e-12,8.7072460695e-07
WALLABY J130148-114530,NGC5044,-11.3674378518,4.29103590214e-12,2.09955760829e-11,7.42905021,-0.067826666982,True,True,low,67.43,134,1.57373889049e-12,-11.8030673227,2.71729701165e-12,8.28594459391e-07
WALLABY J130223-122031,NGC5044,-9.95914098583,1.09864912501e-10,4.51351876532e-10,8.63199789024,0.407307486982,True,True,low,7.5,192.7,1.09864912501e-10,-9.95914098583,0,2.00851085118e-06
WALLABY J130223-122031,NGC5044,-10.3038264392,4.96790818529e-11,1.40295153326e-10,8.63199789024,0.132070593724,True,True,low,22.48,186,4.86166881224e-11,-10.3132146296,1.06239373049e-12,4.71269889452e-06
WALLABY J130223-122031,NGC5044,-10.6385768363,2.29838703788e-11,9.34633914837e-11,8.63199789024,0.1643169976,True,True,low,37.47,196,1.97171209776e-11,-10.7051564989,3.26674940113e-12,6.08718367484e-08
WALLABY J130223-122031,NGC5044,-10.8785655172,1.32261816405e-11,6.42726434794e-11,8.63199789024,0.143494154393,True,True,low,52.45,192.3,9.53282004555e-12,-11.0207786052,3.69336159495e-12,0.000402018498686
WALLABY J130223-122031,NGC5044,-11.0212527184,9.52241887887e-12,4.70237867363e-11,8.63199789024,0.089651379261,True,True,low,67.43,186.5,5.48304248431e-12,-11.2609783891,4.03937639457e-12,6.52816466905e-06
WALLABY J130235-113803,NGC5044,-10.5203900683,3.01724052197e-11,3.77128974192e-11,13.1554980416,-0.301889153924,True,True,middle,7.5,45.9,2.99818875207e-11,-10.5231410295,1.90517699003e-13,1.97963495331e-06
WALLABY J130235-113803,NGC5044,-10.7927588699,1.61154015042e-11,3.78403914742e-11,13.1554980416,-0.136637377633,True,True,middle,22.48,79.6,1.30219683031e-11,-10.8853233661,3.09343320113e-12,2.21547335967e-06
WALLABY J130235-113803,NGC5044,-11.1296351073,7.4193334929e-12,3.27459718076e-11,13.1554980416,-0.00635227374942,True,True,middle,37.47,95.6,5.23161697962e-12,-11.2813640594,2.18771651328e-12,3.49436835113e-06
WALLABY J130235-113803,NGC5044,-11.3307531142,4.66924740138e-12,2.71553090011e-11,13.1554980416,0.0238166778647,True,True,middle,52.45,103,2.52378861129e-12,-11.5979470238,2.14545879009e-12,6.08143007504e-07
WALLABY J130235-113803,NGC5044,-11.4658704498,3.42081470354e-12,2.27098956059e-11,13.1554980416,0.0198121841068,True,True,middle,67.43,106.8,1.45253261509e-12,-11.8378741072,1.96828208845e-12,6.1009419092e-08
WALLABY J130235-113803,NGC5044,-11.5694990947,2.69464094966e-12,1.87889168588e-11,13.1554980416,-0.00660984959887,True,True,middle,82.42,107.4,9.45278667876e-13,-12.0244401427,1.74936228178e-12,1.70178204623e-06
WALLABY J130235-113803,NGC5044,-11.6319889355,2.33351751255e-12,1.67694129765e-11,13.1554980416,-0.0225096344348,True,True,middle,97.4,110.3,6.66773710026e-13,-12.1760215321,1.66674380252e-12,3.65745828112e-06
WALLABY J130315+074816,NGC4808,-10.1978681432,6.34062190573e-11,2.37471931428e-10,7.80763659653,0.29136079981,True,True,low,7.5,105.5,6.34062190573e-11,-10.1978681432,0,2.67579047787e-07
WALLABY J130315+074816,NGC4808,-10.288587474,5.14532161392e-11,1.69750147653e-10,7.80763659653,0.204979940811,True,True,low,22.56,154.7,5.14532161392e-11,-10.288587474,0,1.05320119037e-07
WALLABY J130315+074816,NGC4808,-10.5073971482,3.10887207445e-11,1.03011208093e-10,7.80763659653,0.126483439737,True,True,low,37.61,155.6,3.10887207445e-11,-10.5073971482,0,1.31311171808e-06
WALLABY J130315+074816,NGC4808,-10.7181211243,1.91372211528e-11,8.72860248285e-11,7.80763659653,0.18224620274,True,True,low,52.67,169.5,1.8374620188e-11,-10.7357816292,7.62600964833e-13,9.30866239187e-08
WALLABY J130315+074816,NGC4808,-10.858775705,1.38428111803e-11,8.0086489301e-11,7.80763659653,0.227539908252,True,True,low,67.72,184.1,1.12935465129e-11,-10.9471696551,2.54926466738e-12,9.20036885485e-07
WALLABY J130315+074816,NGC4808,-10.9611742515,1.09351752748e-11,7.90324616152e-11,7.80763659653,0.280868040662,True,True,low,82.78,202.2,7.35551868723e-12,-11.1333866968,3.57965658755e-12,5.30995757252e-07
WALLABY J130315+074816,NGC4808,-11.0244092426,9.45345927119e-12,6.90678340768e-11,7.80763659653,0.258402641597,True,True,low,97.84,205.5,5.08644738128e-12,-11.2935854439,4.36701188991e-12,0.000213424672056
WALLABY J130315+074816,NGC4808,-11.1624492836,6.87940244406e-12,3.05467680179e-11,7.80763659653,-0.0181876010013,True,True,low,112.89,146.8,3.70939257584e-12,-11.4306972016,3.17000986822e-12,0.000140094059309
WALLABY J130358+054204,NGC4808,-10.6469562527,2.25446629714e-11,2.9410432231e-10,8.21625724342,0.667225573201,True,True,low,7.5,262.5,2.2402431366e-11,-10.6497048445,1.42231605427e-13,1.80757992607e-06
WALLABY J130358+054204,NGC4808,-10.883897596,1.30647891169e-11,8.50330558557e-11,8.21625724342,0.268145073199,True,True,low,22.56,244.8,1.30647891169e-11,-10.883897596,0,1.09709088255e-05
WALLABY J130358+054204,NGC4808,-11.085619088,8.21071375758e-12,4.88215717813e-11,8.21625724342,0.142364553586,True,True,low,37.61,239.5,6.22428137493e-12,-11.2059107829,1.98643238266e-12,4.66192310429e-06
WALLABY J130415-102023,NGC5044,-10.1075720371,7.8059895031e-11,2.32597877699e-10,7.12397297321,0.221892887971,True,True,low,37.5,240.7,7.8059895031e-11,-10.1075720371,0,4.01292854497e-06
WALLABY J130415-102023,NGC5044,-10.1807510168,6.59551911226e-11,1.63317185601e-10,7.12397297321,0.117422791981,True,True,low,52.48,238.6,6.58047110638e-11,-10.1817430134,1.50480058722e-13,0.0075593865285
WALLABY J130415-102023,NGC5044,-10.2726275232,5.33792511503e-11,1.28956444765e-10,7.12397297321,0.0752510098644,True,True,low,67.47,240.4,5.33713403885e-11,-10.27269189,7.91076182898e-15,0.00185325318535
WALLABY J130415-102023,NGC5044,-10.3555458292,4.41015822216e-11,1.07733111858e-10,7.12397297321,0.0505813848846,True,True,low,82.45,242.9,4.26053316875e-11,-10.3705360493,1.49625053414e-12,6.95998751481e-07
WALLABY J130415-102023,NGC5044,-10.450622892,3.54304858693e-11,9.05694460079e-11,7.12397297321,0.0352797945191,True,True,low,97.43,242.1,3.38516342451e-11,-10.4704203602,1.57885162429e-12,2.03549428192e-06
WALLABY J130415-102023,NGC5044,-10.5345689267,2.92032423968e-11,7.52842905162e-11,7.12397297321,0.00705602205852,True,True,low,112.42,237.1,2.69434026551e-11,-10.5695475585,2.25983974166e-12,6.04764537925e-06
WALLABY J130415-102023,NGC5044,-10.634263772,2.3213264929e-11,6.41545183797e-11,7.12397297321,-0.00169894918583,True,True,low,127.4,233,2.15782019687e-11,-10.6659847463,1.63506296031e-12,0.00069185548
WALLABY J130415-102023,NGC5044,-10.7100440963,1.94964663142e-11,5.71586234041e-11,7.12397297321,-0.00642274010095,True,True,low,142.38,232.5,1.74323003098e-11,-10.758645301,2.06416600437e-12,1.28065520924e-06
WALLABY J130415-102023,NGC5044,-10.7835363643,1.64612812722e-11,5.20292517494e-11,7.12397297321,-0.00376611947397,True,True,low,157.36,233.2,1.42292116036e-11,-10.8468191622,2.23206966862e-12,5.51029680243e-07
WALLABY J130415-102023,NGC5044,-10.8488650297,1.41623384948e-11,4.81991723408e-11,7.12397297321,0.00125450688362,True,True,low,172.35,234.9,1.17441649951e-11,-10.9301778559,2.41817349969e-12,0.000907460510395
WALLABY J130415-102023,NGC5044,-10.9144288918,1.21778636803e-11,4.50651579859e-11,7.12397297321,0.0100408189461,True,True,low,187.33,236.8,9.80670651656e-12,-11.0084768216,2.37115716373e-12,0.000784754917241
WALLABY J130415-102023,NGC5044,-10.9758721641,1.05712863255e-11,4.21523118895e-11,7.12397297321,0.0162940092226,True,True,low,202.31,238,8.28271734284e-12,-11.0818271592,2.2885689827e-12,1.17603573173e-06
WALLABY J130415-102023,NGC5044,-11.0281724121,9.37189874796e-12,3.94757097067e-11,7.12397297321,0.0175934057026,True,True,low,217.3,238.7,7.07194489185e-12,-11.1504611322,2.29995385611e-12,0.000702263595062
WALLABY J130415-102023,NGC5044,-11.0872185,8.18053109967e-12,3.70847510733e-11,7.12397297321,0.0238493644781,True,True,low,232.28,239.2,6.10149018975e-12,-11.2145640827,2.07904090992e-12,8.1383111145e-08
WALLABY J130415-102023,NGC5044,-11.1285790775,7.43739628523e-12,3.48962903847e-11,7.12397297321,0.0206771500685,True,True,low,247.26,239.4,5.31482419396e-12,-11.2745110967,2.12257209127e-12,0.000368727914891
WALLABY J130618-173039,NGC5044,-11.6559504583,2.20825662352e-12,1.48484652219e-11,4.76604609732,-0.0625473889788,True,True,low,7.5,18.7,2.20825662352e-12,-11.6559504583,0,1.35974666452e-06
WALLABY J130618-173039,NGC5044,-11.5542114933,2.79118425585e-12,1.51548642083e-11,4.76604609732,-0.108175460063,True,True,low,22.47,32.7,2.22949401385e-12,-11.6517936894,5.61690242006e-13,2.97488638938e-06
WALLABY J130618-173039,NGC5044,-11.4140546828,3.85429824454e-12,1.38181493263e-11,4.76604609732,-0.224083676335,True,True,low,37.43,40.3,1.60971071705e-12,-11.7932521645,2.24458752749e-12,1.09480059044e-06
WALLABY J130618-173039,NGC5044,-11.2540010814,5.57184361497e-12,1.14474245155e-11,4.76604609732,-0.393587169892,True,True,low,52.4,43.4,1.09077537768e-12,-11.962264674,4.48106823729e-12,3.19409167696e-06
WALLABY J130618-173039,NGC5044,-11.2453639776,5.68376380909e-12,9.65761612067e-12,4.76604609732,-0.472201333585,True,True,low,67.37,45.2,7.36173082069e-13,-12.1330200664,4.94759072702e-12,3.08039233466e-06
WALLABY J130618-173039,NGC5044,-11.283662873,5.20399807219e-12,8.25529704607e-12,4.76604609732,-0.519192242982,True,True,low,82.34,46.2,5.06680432796e-13,-12.2952658672,4.6973176394e-12,7.23679944244e-07
WALLABY J130618-173039,NGC5044,-11.3919906364,4.05517278534e-12,7.04665058736e-12,4.76604609732,-0.528569027773,True,True,low,97.3,46.4,3.59499458771e-13,-12.4443017591,3.69567332657e-12,1.23486180973e-07
WALLABY J130618-173039,NGC5044,-11.5276968315,2.96690177574e-12,6.00221512848e-12,4.76604609732,-0.524689094001,True,True,low,112.27,46,2.63787796962e-13,-12.5787452991,2.70311397878e-12,3.36826025013e-05
WALLABY J130802+062900,NGC4808,-9.70401777448,1.97688872984e-10,1.47803660538e-10,14.2285679272,-0.263785643733,True,True,high,7.5,130,1.97348610571e-10,-9.7047659269,3.40262412876e-13,2.82749454126e-07
WALLABY J130802+062900,NGC4808,-10.3236807563,4.74590721981e-11,9.47272797443e-11,14.2285679272,-0.0257045801638,True,True,high,22.56,180.5,4.62130681588e-11,-10.335235197,1.24600403932e-12,8.07286358334e-06
WALLABY J130802+062900,NGC4808,-10.7743503259,1.68131727053e-11,4.12542870694e-11,14.2285679272,-0.109951895923,True,True,high,37.61,153.8,1.52878407064e-11,-10.8156538511,1.52533199892e-12,1.49561858469e-06
WALLABY J130802+062900,NGC4808,-11.035150897,9.2225093252e-12,2.52886798943e-11,14.2285679272,-0.171850905026,True,True,high,52.67,142.5,7.38929912714e-12,-11.1313967524,1.83321019806e-12,1.12141665138e-06
WALLABY J130815-210002,NGC5044,-11.3442678135,4.52618380641e-12,2.60041576686e-11,5.42448441175,0.0124118248831,True,True,low,7.5,26.2,4.52618380641e-12,-11.3442678135,0,4.36492443285e-06
WALLABY J130815-210002,NGC5044,-11.3108036052,4.88873385588e-12,3.70077710913e-11,5.42448441175,0.147302961816,True,True,low,22.47,54.1,3.95212848545e-12,-11.4031689447,9.36605370425e-13,6.81037348038e-06
WALLABY J130815-210002,NGC5044,-11.4140497972,3.85434160406e-12,3.83725663489e-11,5.42448441175,0.219484629252,True,True,low,37.43,71.1,2.53415858316e-12,-11.5961662112,1.3201830209e-12,5.1855668443e-07
WALLABY J130815-210002,NGC5044,-11.3846722051,4.12408677658e-12,3.29882585497e-11,5.42448441175,0.137815908555,True,True,low,52.4,78,1.56445037417e-12,-11.8056382085,2.55963640241e-12,5.01233107695e-06
WALLABY J130815-210002,NGC5044,-11.4907452008,3.23038882503e-12,2.592191304e-11,5.42448441175,0.0907236624667,True,True,low,67.37,78.4,9.87957914594e-13,-12.0052615553,2.24243091043e-12,4.55390503401e-06
WALLABY J130815-210002,NGC5044,-11.6480388008,2.24885367938e-12,2.18084533189e-11,5.42448441175,0.100172498389,True,True,low,82.34,79.5,6.52367304313e-13,-12.1855078133,1.59648637506e-12,5.54290240185e-07
WALLABY J130815-210002,NGC5044,-11.800910628,1.58157347261e-12,1.9395628117e-11,5.42448441175,0.130458535315,True,True,low,97.3,81.5,4.53189031477e-13,-12.3437206099,1.12838444114e-12,3.00071707637e-07
WALLABY J130906+051433,NGC4808,-11.3619483094,4.34561943509e-12,1.95352960542e-10,19.8563792943,0.897864702924,True,True,high,7.5,106.2,4.34561943509e-12,-11.3619483094,0,2.8188687466e-06
WALLABY J130906+051433,NGC4808,-11.8426001327,1.43681173802e-12,4.03407573992e-11,19.8563792943,0.470508130046,True,True,high,22.56,83.7,1.04103865159e-12,-11.9825331457,3.95773086431e-13,3.47798218241e-06
WALLABY J130906+051433,NGC4808,-11.9128099081,1.22233456236e-12,2.07994732376e-11,19.8563792943,0.219762862543,True,True,high,37.61,77.6,3.45451118448e-13,-12.4616133969,8.76883443908e-13,4.62054894648e-07
WALLABY J130906+051433,NGC4808,-11.8481221239,1.41865853798e-12,1.35427020818e-11,19.8563792943,-0.000619405903993,True,True,high,52.67,74.1,1.66720580233e-13,-12.7780107869,1.25193795775e-12,4.00080882693e-06
WALLABY J130906+051433,NGC4808,-11.8425060791,1.43712293686e-12,1.1109246192e-11,19.8563792943,-0.0896009195891,True,True,high,67.72,76.1,9.87380579518e-14,-13.005515419,1.33838487891e-12,1.71264677062e-06
WALLABY J130906+051433,NGC4808,-11.8661838698,1.36086840151e-12,8.52396741461e-12,19.8563792943,-0.192167312815,True,True,high,82.78,73.7,6.54610199293e-14,-13.1840172324,1.29540738158e-12,8.50483987054e-07
WALLABY J130947-101916,NGC5044,-10.8840602188,1.30598978832e-11,1.77035433277e-10,8.08578160206,0.586711666588,True,True,low,7.5,58.5,1.30598978832e-11,-10.8840602188,0,1.56503207958e-06
WALLABY J130947-101916,NGC5044,-10.9727144243,1.06484298861e-11,6.02821015571e-11,8.08578160206,0.169855582161,True,True,low,22.48,59.1,1.0148441619e-11,-10.9936006423,4.99988267157e-13,1.13871831406e-07
WALLABY J130947-101916,NGC5044,-11.1573423723,6.96077551005e-12,1.0499895516e-10,8.08578160206,0.515179756237,True,True,low,37.47,100.7,5.93404705485e-12,-11.2266490142,1.02672845521e-12,2.74373062714e-08
WALLABY J130947-101916,NGC5044,-11.3663261712,4.30203390478e-12,9.6978443685e-11,8.08578160206,0.596113179263,True,True,low,52.45,114.5,3.43085535768e-12,-11.4645975911,8.71178547106e-13,2.45981410249e-06
WALLABY J130947-101916,NGC5044,-11.4275575432,3.73630616742e-12,8.24413074237e-11,8.08578160206,0.558954411808,True,True,low,67.43,119.7,2.08191208982e-12,-11.6815376128,1.65439407761e-12,1.86730086132e-06
WALLABY J130947-101916,NGC5044,-11.4266935074,3.74374700751e-12,6.57676118905e-11,8.08578160206,0.460352001662,True,True,low,82.42,118.2,1.34879868494e-12,-11.8700528662,2.39494832257e-12,1.28681293821e-06
WALLABY J130947-101916,NGC5044,-11.4324300272,3.69462166694e-12,4.95222658585e-11,8.08578160206,0.34025761405,True,True,low,97.4,111.5,9.32253250187e-13,-12.0304660938,2.76236841675e-12,7.28057792723e-07
WALLABY J131739-213708,NGC5044,-11.2332507461,5.84452544728e-12,3.10549337544e-11,6.4312174681,0.0283533038161,True,True,low,7.5,38.2,5.84452544728e-12,-11.2332507461,0,5.20776725529e-07
WALLABY J131739-213708,NGC5044,-11.250450896,5.61757790546e-12,2.97351842331e-11,6.4312174681,0.0190129544916,True,True,low,22.47,64.7,4.4377190631e-12,-11.3528401949,1.17985884237e-12,1.86963746975e-06
WALLABY J131739-213708,NGC5044,-11.3288877957,4.68934520342e-12,2.45009954059e-11,6.4312174681,-0.0218774509298,True,True,low,37.43,75.8,2.55187371198e-12,-11.5931408219,2.13747149143e-12,7.44150664675e-07
WALLABY J131739-213708,NGC5044,-11.4686293624,3.39915240878e-12,1.90584169831e-11,6.4312174681,-0.0548218927925,True,True,low,52.4,79.1,1.45810912772e-12,-11.8362099714,1.94104328106e-12,1.62250133083e-07
WALLABY J131739-213708,NGC5044,-11.511440375,3.08006317958e-12,1.43402852883e-11,6.4312174681,-0.155208976066,True,True,low,67.37,77.8,8.79110566529e-13,-12.0559564999,2.20095261305e-12,0.000129699661513
WALLABY J132635-221419,NGC5044,-11.490678283,3.23088661435e-12,1.51375049818e-11,4.26881438606,-0.142925258642,True,True,low,7.5,18.6,3.23088661435e-12,-11.490678283,0,3.13304838989e-06
WALLABY J132635-221419,NGC5044,-11.1818727581,6.57850549739e-12,1.12419117199e-11,4.26881438606,-0.441479397639,True,True,low,22.56,27.8,3.54810968928e-12,-11.4500029625,3.03039580811e-12,2.870096206e-06
WALLABY J132635-221419,NGC5044,-11.2011360637,6.29308990517e-12,1.05640237937e-11,4.26881438606,-0.457769730454,True,True,low,37.62,34.8,2.74395293768e-12,-11.5616233416,3.54913696749e-12,4.84089917954e-07
WALLABY J132635-221419,NGC5044,-11.1349620407,7.32888588161e-12,1.11989065569e-11,4.26881438606,-0.469349668598,True,True,low,52.68,42.4,1.96877890553e-12,-11.7058030525,5.36010697608e-12,6.42218026255e-06
WALLABY J132635-221419,NGC5044,-11.290829944,5.11882233213e-12,1.18701137178e-11,4.26881438606,-0.357522174555,True,True,low,67.74,49.5,1.38989175256e-12,-11.8570190221,3.72893057957e-12,9.92219032682e-07
WALLABY J132635-221419,NGC5044,-11.3443642619,4.52517874026e-12,1.20764000895e-11,4.26881438606,-0.320640646791,True,True,low,82.8,55.2,9.88419696628e-13,-12.0050586088,3.53675904364e-12,4.86405566108e-07
WALLABY J132635-221419,NGC5044,-11.4542178612,3.5138412656e-12,1.1871849819e-11,4.26881438606,-0.268199562247,True,True,low,97.86,59.5,7.16299540896e-13,-12.1449053272,2.79754172471e-12,1.23368182567e-07
WALLABY J133019-220858,NGC5044,-10.4934337649,3.21045239892e-11,6.19226718178e-11,10.2560426964,-0.103195753669,True,True,middle,7.5,73.8,3.21045239892e-11,-10.4934337649,0,1.07936164722e-05
WALLABY J133019-220858,NGC5044,-10.8094586954,1.55074826729e-11,4.82631894056e-11,10.2560426964,-0.0211816265841,True,True,middle,22.56,113,1.21198455716e-11,-10.9165029138,3.38763710137e-12,4.29786332988e-06
WALLABY J133019-220858,NGC5044,-11.1385580065,7.26845311636e-12,3.12403311812e-11,10.2560426964,-0.0217957777782,True,True,middle,37.62,117.4,4.56306370874e-12,-11.3407434676,2.70538940762e-12,2.64221377744e-06
WALLABY J133019-220858,NGC5044,-11.3953885035,4.02356939892e-12,1.98715608573e-11,10.2560426964,-0.0764673933227,True,True,middle,52.68,110.8,2.1761730493e-12,-11.6623065725,1.84739634962e-12,8.11759349104e-07
WALLABY J133041-233009,NGC5044,-9.87318738384,1.33909878552e-10,1.68130911739e-10,13.4306808429,-0.0828192418893,True,True,middle,7.5,186.5,1.33909878552e-10,-9.87318738384,0,1.17612829247e-06
WALLABY J133041-233009,NGC5044,-10.4326648507,3.69262452065e-11,9.01866354703e-11,13.4306808429,0.0221881812681,True,True,middle,22.56,236.9,3.47111246219e-11,-10.4595313152,2.21512058459e-12,4.50618337626e-07
WALLABY J133041-233009,NGC5044,-10.855271972,1.39549417505e-11,4.92644334456e-11,13.4306808429,0.0144767723222,True,True,middle,37.62,226.1,1.16622447903e-11,-10.933217847,2.29269696012e-12,2.49104147374e-07
WALLABY J133041-233009,NGC5044,-11.067873451,8.55315906879e-12,3.72007167309e-11,13.4306808429,0.0142931621817,True,True,middle,52.68,232.5,5.60174424479e-12,-11.2516767234,2.951414824e-12,7.04030556583e-06
WALLABY J133041-233009,NGC5044,-11.2983998071,5.03037304476e-12,2.71902869118e-11,13.4306808429,0.00660336932171,True,True,middle,67.74,225.4,3.30614361584e-12,-11.480678285,1.72422942892e-12,1.48393471307e-06
WALLABY J133440-234722,NGC5044,-9.85108036115,1.40902805003e-10,1.03955951466e-10,14.1453593133,-0.307611880833,True,True,high,7.5,114,1.40902805003e-10,-9.85108036115,0,1.98246546638e-08
WALLABY J133440-234722,NGC5044,-10.3852571996,4.11853537365e-11,8.16262841639e-11,14.1453593133,-0.0510349556567,True,True,high,22.56,175.2,4.00055105365e-11,-10.3978801829,1.17984320005e-12,8.30888410453e-07
WALLABY J133440-234722,NGC5044,-10.8151503333,1.53055755943e-11,5.58251247435e-11,14.1453593133,0.0453646024071,True,True,high,37.62,187.1,1.3707584926e-11,-10.8630390547,1.59799066823e-12,1.02223006541e-07
WALLABY J133440-234722,NGC5044,-11.0483080293,8.94729941028e-12,3.49561308037e-11,14.1453593133,-0.0237982835184,True,True,high,52.68,175.2,6.55260184886e-12,-11.18358622,2.39469756142e-12,7.08596182146e-06
WALLABY J133756-240727,NGC5044,-10.0826715121,8.2666297736e-11,1.08456179501e-10,7.10678388492,-0.12637557557,True,True,low,7.5,126,8.2666297736e-11,-10.0826715121,0,5.42921739812e-07
WALLABY J133756-240727,NGC5044,-10.3471279917,4.49647319017e-11,3.70354114781e-11,7.10678388492,-0.418528751271,True,True,low,22.56,127.7,4.41239949067e-11,-10.3553251742,8.40736995044e-13,2.96991634909e-07
WALLABY J133756-240727,NGC5044,-10.6756123984,2.11051091052e-11,1.98413045815e-11,7.10678388492,-0.486497008976,True,True,low,37.62,120.7,1.98688263088e-11,-10.7018277868,1.2362827964e-12,1.57495115487e-07
WALLABY J133756-240727,NGC5044,-10.9191765577,1.20454614564e-11,1.27508660092e-11,7.10678388492,-0.535523963707,True,True,low,52.68,114.5,9.93326851575e-12,-11.0029078245,2.11219294061e-12,0.000268091761234
WALLABY J133801-225524,NGC5044,-9.87689288627,1.32772188464e-10,3.35216395728e-10,13.2857149856,0.21952965394,True,True,middle,7.5,193.5,1.31822177752e-10,-9.88001151793,9.50010712314e-13,4.31981870851e-07
WALLABY J133801-225524,NGC5044,-10.2790973643,5.25899352002e-11,1.00220743145e-10,13.2857149856,-0.030029322762,True,True,middle,22.56,183.5,5.09244383691e-11,-10.293073752,1.66549683113e-12,1.2323260366e-06
WALLABY J133801-225524,NGC5044,-10.669174541,2.14202955606e-11,7.28297005953e-11,13.2857149856,0.0743828460345,True,True,middle,37.62,202,1.93612907077e-11,-10.7130656941,2.05900485294e-12,2.10914199358e-06
WALLABY J133801-225524,NGC5044,-10.9616325802,1.09236410233e-11,5.0222674082e-11,13.2857149856,0.0842248754379,True,True,middle,52.68,198.5,9.24361038315e-12,-11.0341583683,1.68003064011e-12,3.08803429087e-07
WALLABY J134019-235122,NGC5044,-10.1176450353,7.62702139496e-11,4.8219826789e-10,4.99028493005,0.5453256586,True,True,low,7.5,224.3,7.62702139496e-11,-10.1176450353,0,7.9468688697e-07
WALLABY J134019-235122,NGC5044,-10.2038185689,6.25433919812e-11,1.75665085768e-10,4.99028493005,0.164371117306,True,True,low,22.56,234.8,6.20192403191e-11,-10.2074735578,5.24151662051e-13,1.0947793962e-05
WALLABY J134019-235122,NGC5044,-10.3902378253,4.07157252155e-11,1.03734068884e-10,4.99028493005,0.0562131959376,True,True,low,37.62,233,3.75195398032e-11,-10.4257424971,3.19618541227e-12,3.68905407858e-06
WALLABY J134019-235122,NGC5044,-10.5836979473,2.6079667658e-11,6.97563455942e-11,4.99028493005,0.00400166095595,True,True,low,52.68,226.1,2.22008413227e-11,-10.6536305672,3.87882633531e-12,6.26083439563e-07
WALLABY J134019-235122,NGC5044,-10.7746254528,1.68025248818e-11,4.95555959971e-11,4.99028493005,-0.0301662105573,True,True,low,67.74,216.1,1.36507275692e-11,-10.8648442006,3.15179731256e-12,5.47806497572e-07
