galaxy_id,field_id,release_phase,qflag_model,rad_arcsec,vrot_kms
WALLABY J124947+035042,NGC4808,2,0,7.5,13.3
WALLABY J124947+035042,NGC4808,2,0,22.56,16.4
WALLABY J124947+035042,NGC4808,2,0,37.61,16.2
WALLABY J124947+035042,NGC4808,2,0,52.67,15.6
WALLABY J124947+035042,NGC4808,2,0,67.72,14.8
WALLABY J124947+035042,NGC4808,2,0,82.78,13.8
WALLABY J124947+035042,NGC4808,2,0,97.84,12.5
WALLABY J125451+023900,NGC4808,2,0,7.5,47.9
WALLABY J125451+023900,NGC4808,2,0,22.56,66.1
WALLABY J125451+023900,NGC4808,2,0,37.61,75
WALLABY J125451+023900,NGC4808,2,0,52.67,78.1
WALLABY J125451+023900,NGC4808,2,0,67.72,79.4
WALLABY J125451+023900,NGC4808,2,0,82.78,78.2
WALLABY J125515+081543,NGC4808,2,0,7.5,44.3
WALLABY J125515+081543,NGC4808,2,0,22.56,53.6
WALLABY J125515+081543,NGC4808,2,0,37.61,29.6
WALLABY J125604+034843,NGC4808,2,0,7.5,29.6
WALLABY J125604+034843,NGC4808,2,0,22.56,42.8
WALLABY J125604+034843,NGC4808,2,0,37.61,53
WALLABY J125604+034843,NGC4808,2,0,52.67,60.5
WALLABY J125604+034843,NGC4808,2,0,67.72,64.4
WALLABY J125604+034843,NGC4808,2,0,82.78,64.2
WALLABY J125604+034843,NGC4808,2,0,97.84,60.4
WALLABY J130148-114530,NGC5044,2,0,7.5,111.9
WALLABY J130148-114530,NGC5044,2,0,22.48,120.1
WALLABY J130148-114530,NGC5044,2,0,37.47,136.5
WALLABY J130148-114530,NGC5044,2,0,52.45,134.7
WALLABY J130148-114530,NGC5044,2,0,67.43,134
WALLABY J130223-122031,NGC5044,2,0,7.5,192.7
WALLABY J130223-122031,NGC5044,2,0,22.48,186
WALLABY J130223-122031,NGC5044,2,0,37.47,196
WALLABY J130223-122031,NGC5044,2,0,52.45,192.3
WALLABY J130223-122031,NGC5044,2,0,67.43,186.5
WALLABY J130235-113803,NGC5044,2,0,7.5,45.9
WALLABY J130235-113803,NGC5044,2,0,22.48,79.6
WALLABY J130235-113803,NGC5044,2,0,37.47,95.6
WALLABY J130235-113803,NGC5044,2,0,52.45,103
WALLABY J130235-113803,NGC5044,2,0,67.43,106.8
WALLABY J130235-113803,NGC5044,2,0,82.42,107.4
WALLABY J130235-113803,NGC5044,2,0,97.4,110.3
WALLABY J130315+074816,NGC4808,2,0,7.5,105.5
WALLABY J130315+074816,NGC4808,2,0,22.56,154.7
WALLABY J130315+074816,NGC4808,2,0,37.61,155.6
WALLABY J130315+074816,NGC4808,2,0,52.67,169.5
WALLABY J130315+074816,NGC4808,2,0,67.72,184.1
WALLABY J130315+074816,NGC4808,2,0,82.78,202.2
WALLABY J130315+074816,NGC4808,2,0,97.84,205.5
WALLABY J130315+074816,NGC4808,2,0,112.89,146.8
WALLABY J130358+054204,NGC4808,2,0,7.5,262.5
WALLABY J130358+054204,NGC4808,2,0,22.56,244.8
WALLABY J130358+054204,NGC4808,2,0,37.61,239.5
WALLABY J130415-102023,NGC5044,2,0,37.5,240.7
WALLABY J130415-102023,NGC5044,2,0,52.48,238.6
WALLABY J130415-102023,NGC5044,2,0,67.47,240.4
WALLABY J130415-102023,NGC5044,2,0,82.45,242.9
WALLABY J130415-102023,NGC5044,2,0,97.43,242.1
WALLABY J130415-102023,NGC5044,2,0,112.42,237.1
WALLABY J130415-102023,NGC5044,2,0,127.4,233
WALLABY J130415-102023,NGC5044,2,0,142.38,232.5
WALLABY J130415-102023,NGC5044,2,0,157.36,233.2
WALLABY J130415-102023,NGC5044,2,0,172.35,234.9
WALLABY J130415-102023,NGC5044,2,0,187.33,236.8
WALLABY J130415-102023,NGC5044,2,0,202.31,238
WALLABY J130415-102023,NGC5044,2,0,217.3,238.7
WALLABY J130415-102023,NGC5044,2,0,232.28,239.2
WALLABY J130415-102023,NGC5044,2,0,247.26,239.4
WALLABY J130618-173039,NGC5044,2,0,7.5,18.7
WALLABY J130618-173039,NGC5044,2,0,22.47,32.7
WALLABY J130618-173039,NGC5044,2,0,37.43,40.3
WALLABY J130618-173039,NGC5044,2,0,52.4,43.4
WALLABY J130618-173039,NGC5044,2,0,67.37,45.2
WALLABY J130618-173039,NGC5044,2,0,82.34,46.2
WALLABY J130618-173039,NGC5044,2,0,97.3,46.4
WALLABY J130618-173039,NGC5044,2,0,112.27,46
WALLABY J130802+062900,NGC4808,2,0,7.5,130
WALLABY J130802+062900,NGC4808,2,0,22.56,180.5
WALLABY J130802+062900,NGC4808,2,0,37.61,153.8
WALLABY J130802+062900,NGC4808,2,0,52.67,142.5
WALLABY J130815-210002,NGC5044,2,0,7.5,26.2
WALLABY J130815-210002,NGC5044,2,0,22.47,54.1
WALLABY J130815-210002,NGC5044,2,0,37.43,71.1
WALLABY J130815-210002,NGC5044,2,0,52.4,78
WALLABY J130815-210002,NGC5044,2,0,67.37,78.4
WALLABY J130815-210002,NGC5044,2,0,82.34,79.5
WALLABY J130815-210002,NGC5044,2,0,97.3,81.5
WALLABY J130906+051433,NGC4808,2,0,7.5,106.2
WALLABY J130906+051433,NGC4808,2,0,22.56,83.7
WALLABY J130906+051433,NGC4808,2,0,37.61,77.6
WALLABY J130906+051433,NGC4808,2,0,52.67,74.1
WALLABY J130906+051433,NGC4808,2,0,67.72,76.1
WALLABY J130906+051433,NGC4808,2,0,82.78,73.7
WALLABY J130947-101916,NGC5044,2,0,7.5,58.5
WALLABY J130947-101916,NGC5044,2,0,22.48,59.1
WALLABY J130947-101916,NGC5044,2,0,37.47,100.7
WALLABY J130947-101916,NGC5044,2,0,52.45,114.5
WALLABY J130947-101916,NGC5044,2,0,67.43,119.7
WALLABY J130947-101916,NGC5044,2,0,82.42,118.2
WALLABY J130947-101916,NGC5044,2,0,97.4,111.5
WALLABY J131208+025916,NGC4808,2,1,7.5,39.6
WALLABY J131208+025916,NGC4808,2,1,22.56,61.8
WALLABY J131208+025916,NGC4808,2,1,37.61,75.4
WALLABY J131208+025916,NGC4808,2,1,52.67,84
WALLABY J131208+025916,NGC4808,2,1,67.72,86.2
WALLABY J131321-185558,NGC5044,2,0,7.5,103.3
WALLABY J131321-185558,NGC5044,2,0,22.47,140.7
WALLABY J131321-185558,NGC5044,2,0,37.43,168.1
WALLABY J131739-213708,NGC5044,2,0,7.5,38.2
WALLABY J131739-213708,NGC5044,2,0,22.47,64.7
WALLABY J131739-213708,NGC5044,2,0,37.43,75.8
WALLABY J131739-213708,NGC5044,2,0,52.4,79.1
WALLABY J131739-213708,NGC5044,2,0,67.37,77.8
WALLABY J132542-164457,NGC5044,2,1,7.5,88.8
WALLABY J132542-164457,NGC5044,2,1,22.48,97.8
WALLABY J132542-164457,NGC5044,2,1,37.47,99.2
WALLABY J132542-164457,NGC5044,2,1,52.45,126.1
WALLABY J132635-221419,NGC5044,2,0,7.5,18.6
WALLABY J132635-221419,NGC5044,2,0,22.56,27.8
WALLABY J132635-221419,NGC5044,2,0,37.62,34.8
WALLABY J132635-221419,NGC5044,2,0,52.68,42.4
WALLABY J132635-221419,NGC5044,2,0,67.74,49.5
WALLABY J132635-221419,NGC5044,2,0,82.8,55.2
WALLABY J132635-221419,NGC5044,2,0,97.86,59.5
WALLABY J133019-220858,NGC5044,2,0,7.5,73.8
WALLABY J133019-220858,NGC5044,2,0,22.56,113
WALLABY J133019-220858,NGC5044,2,0,37.62,117.4
WALLABY J133019-220858,NGC5044,2,0,52.68,110.8
WALLABY J133041-233009,NGC5044,2,0,7.5,186.5
WALLABY J133041-233009,NGC5044,2,0,22.56,236.9
WALLABY J133041-233009,NGC5044,2,0,37.62,226.1
WALLABY J133041-233009,NGC5044,2,0,52.68,232.5
WALLABY J133041-233009,NGC5044,2,0,67.74,225.4
WALLABY J133138-232047,NGC5044,2,0,7.5,66.1
WALLABY J133138-232047,NGC5044,2,0,22.56,93.3
WALLABY J133138-232047,NGC5044,2,0,37.62,108.6
WALLABY J133138-232047,NGC5044,2,0,52.68,117.9
WALLABY J133138-232047,NGC5044,2,0,67.74,123.7
WALLABY J133440-234722,NGC5044,2,0,7.5,114
WALLABY J133440-234722,NGC5044,2,0,22.56,175.2
WALLABY J133440-234722,NGC5044,2,0,37.62,187.1
WALLABY J133440-234722,NGC5044,2,0,52.68,175.2
WALLABY J133756-240727,NGC5044,2,0,7.5,126
WALLABY J133756-240727,NGC5044,2,0,22.56,127.7
WALLABY J133756-240727,NGC5044,2,0,37.62,120.7
WALLABY J133756-240727,NGC5044,2,0,52.68,114.5
WALLABY J133801-225524,NGC5044,2,0,7.5,193.5
WALLABY J133801-225524,NGC5044,2,0,22.56,183.5
WALLABY J133801-225524,NGC5044,2,0,37.62,202
WALLABY J133801-225524,NGC5044,2,0,52.68,198.5
WALLABY J134019-235122,NGC5044,2,0,7.5,224.3
WALLABY J134019-235122,NGC5044,2,0,22.56,234.8
WALLABY J134019-235122,NGC5044,2,0,37.62,233
WALLABY J134019-235122,NGC5044,2,0,52.68,226.1
WALLABY J134019-235122,NGC5044,2,0,67.74,216.1
